example_id,inbound_text,prior_turns_json,cluster,sentiment,turn_type,gold_intent,gold_escalate,gold_escalate_reason,reply_checklist,pred_intent,pred_confidence,draft_reply,pred_escalate,pred_escalate_reason
0,"[USER] am jus tryin 2 talk to al mi frens an teh battery die fasta den tdog, ur updates dunt work am sowi. pls","[{""role"": ""user"", ""text"": ""[USER] y u kil my phone? it keep dyin""}, {""role"": ""assistant"", ""text"": ""[USER] We are here to help. What exactly is going on with your phone?""}]",0,negative,multi_turn,battery_power_drain,True,High-risk intent: severe battery drain or power hardware risk requires diagnostic review,Express professional empathy/apology for frustration; Suggest checking Settings > Battery usage breakdown; avoid promising free hardware replacement. Never promise ungrounded facts or ETAs.,,,,,
1,"[USER] Digo hola [USER] Mi IPhone X, un día de uso, presento error en el Face ID y no me permite decir Hola al futuro!! Alguna solución? https://t.co/O4EWhlMxbi","[{""role"": ""user"", ""text"": ""Dile hola al futuro. Compra el iPhone X.""}]",0,negative,multi_turn,non_english_inquiry,True,Routing: non-English language query requires localized human support agent,Express professional empathy/apology for frustration; Acknowledge in language if possible; offer English or route to regional support channel. Never promise ungrounded facts or ETAs.,,,,,
2,"[USER] [USER] Não vejo que recebi msg em nenhum app, nada. Fico o dia todo sem uma notificação sequer","[{""role"": ""user"", ""text"": ""N\u00e3o aguento mais ficar sem notifica\u00e7\u00e3o em todos os apps depois dessa atualiza\u00e7\u00e3o do iOS. Me ajuda ai n\u00e9 [USER] [USER]""}]",0,neutral,multi_turn,non_english_inquiry,True,Routing: non-English language query requires localized human support agent,Acknowledge in language if possible; offer English or route to regional support channel. Never promise ungrounded facts or ETAs.,,,,,
3,[USER] @ tweet depuis son mac qu'elle vient de récupérer avec brio après plus de 5h d'attente et de téléchargement,"[{""role"": ""user"", ""text"": ""Donc mon mac a crasher \u00e0 cause de la nvll mise \u00e0 jour, merci bcp [USER]""}]",0,neutral,multi_turn,non_english_inquiry,True,Routing: non-English language query requires localized human support agent,Acknowledge in language if possible; offer English or route to regional support channel. Never promise ungrounded facts or ETAs.,,,,,
4,[USER] iOS 11: NÃO atualizem. Porcaria bugada que vai detonar a sua bateria em minutos.,"[{""role"": ""user"", ""text"": ""iPhone 8 e iPhone 8 Plus. Uma nova gera\u00e7\u00e3o do iPhone. Em breve.""}]",0,neutral,multi_turn,non_english_inquiry,True,Routing: non-English language query requires localized human support agent,Acknowledge in language if possible; offer English or route to regional support channel. Never promise ungrounded facts or ETAs.,,,,,
5,e ai [USER] da um ajudinha kkk por favor!!!,"[{""role"": ""user"", ""text"": ""toma no cu v\u00e9i, essa porra travou meu celular cabuloso raiva da porra https://t.co/akDBfoaocH""}]",0,positive,multi_turn,non_english_inquiry,True,Routing: non-English language query requires localized human support agent,Acknowledge in language if possible; offer English or route to regional support channel. Never promise ungrounded facts or ETAs.,,,,,
6,[USER] Bestaat er ook een Nederlandse apple support ? #dtv #dutch #apple,"[{""role"": ""user"", ""text"": ""Zo ziet mijn lockscreen eruit. Herstarten helpt niet Als ik unlock en meldingen wil zien krijg ik ook dit. Hoe verhelp ik dit?[USER] https://t.co/Vqb4TyF50t""}, {""role"": ""user"", ""text"": ""[USER] Zie dus ook geen tijd en datum. Heel irritant. Kunnen jullie helpen ?""}]",0,positive,multi_turn,non_english_inquiry,True,Routing: non-English language query requires localized human support agent,Acknowledge in language if possible; offer English or route to regional support channel. Never promise ungrounded facts or ETAs.,,,,,
7,[USER] me ajudem por favor 🤦🏻‍♂️,"[{""role"": ""user"", ""text"": ""Gente s\u00f3 eu que to com problema no Imessenge?""}]",0,positive,multi_turn,non_english_inquiry,True,Routing: non-English language query requires localized human support agent,Acknowledge in language if possible; offer English or route to regional support channel. Never promise ungrounded facts or ETAs.,,,,,
8,Nunca me había quejado de iOS pero esta vez tienen un error con nueva actualización tan mierda se traba el teclado bastante [USER],[],0,negative,single_turn,non_english_inquiry,True,Routing: non-English language query requires localized human support agent,Express professional empathy/apology for frustration; Acknowledge in language if possible; offer English or route to regional support channel. Never promise ungrounded facts or ETAs.,,,,,
9,[USER] donde está la carga rápida que decís que lleva el iPhone X? Con 11.2 y un cargador Quick Charge 3.0 no solo no es más rápida si no más lenta.,[],0,negative,single_turn,non_english_inquiry,True,Routing: non-English language query requires localized human support agent,Express professional empathy/apology for frustration; Acknowledge in language if possible; offer English or route to regional support channel. Never promise ungrounded facts or ETAs.,,,,,
10,"[USER] [USER] c’est quoi vos mise a jour pourrit la !! Depuis ios11, tout bug 😡😡😡 c’est lent",[],0,negative,single_turn,non_english_inquiry,True,Routing: non-English language query requires localized human support agent,Express professional empathy/apology for frustration; Acknowledge in language if possible; offer English or route to regional support channel. Never promise ungrounded facts or ETAs.,,,,,
11,Uygulamalarda ve videolarda ekran donması sorununu da düzeltir mi peki? #ios1111 [USER] [USER] https://t.co/M5xgMf0CBx,[],0,neutral,single_turn,non_english_inquiry,True,Routing: non-English language query requires localized human support agent,Acknowledge in language if possible; offer English or route to regional support channel. Never promise ungrounded facts or ETAs.,,,,,
12,"Hola [USER] Llevo desde junio de 2016 esperando su respuesta a una incidencia en mi iPad, estoy decepcionada con su servicio técnico",[],0,neutral,single_turn,non_english_inquiry,True,Routing: non-English language query requires localized human support agent,Acknowledge in language if possible; offer English or route to regional support channel. Never promise ungrounded facts or ETAs.,,,,,
13,Gracias #iOS11 por acabar con mi #ipod joder mi #iphone junto con [USER] y [USER] [USER] pónganse a trabajar,[],0,neutral,single_turn,non_english_inquiry,True,Routing: non-English language query requires localized human support agent,Acknowledge in language if possible; offer English or route to regional support channel. Never promise ungrounded facts or ETAs.,,,,,
14,[USER] só queria que minhas notificações voltassem a aparecer normalmente 😔,[],0,positive,single_turn,non_english_inquiry,True,Routing: non-English language query requires localized human support agent,Acknowledge in language if possible; offer English or route to regional support channel. Never promise ungrounded facts or ETAs.,,,,,
15,Mais alguém que tenha iPhone e não ta conseguindo atualizar/baixar apps?! [USER] help us!,[],0,positive,single_turn,non_english_inquiry,True,Routing: non-English language query requires localized human support agent,Acknowledge in language if possible; offer English or route to regional support channel. Never promise ungrounded facts or ETAs.,,,,,
16,[USER] amor quero minhas notificações,[],0,positive,single_turn,non_english_inquiry,True,Routing: non-English language query requires localized human support agent,Acknowledge in language if possible; offer English or route to regional support channel. Never promise ungrounded facts or ETAs.,,,,,
17,Dude Fuck this fucking bullshit “i” shit. Get your fucking shit together [USER].,"[{""role"": ""user"", ""text"": ""Both of my kids are sleeping... what do I\ufe0f do? Do I\ufe0f clean? Paint? Take over the world and kill all the naysayers? Stay tuned.""}]",1,negative,multi_turn,keyboard_text_glitch,False,Routine inquiry: standard troubleshooting or known self-service workaround available,Express professional empathy/apology for frustration; Direct customer to Text Replacement workaround in Settings or latest iOS patch; do not blame customer. Never promise ungrounded facts or ETAs.,,,,,
18,[USER] Fix that that stupid keyboard glitch already.,"[{""role"": ""assistant"", ""text"": ""Walks. Workouts. Watching TV.\nSee how your heart rate changes through the day in watchOS 4. Learn more https://t.co/TPJZlmXNul""}]",1,negative,multi_turn,keyboard_text_glitch,False,Routine inquiry: standard troubleshooting or known self-service workaround available,Express professional empathy/apology for frustration; Direct customer to Text Replacement workaround in Settings or latest iOS patch; do not blame customer. Never promise ungrounded facts or ETAs.,,,,,
19,"[USER] Oh, and that weird I️ autocorrect thing just started happening with me, too. Yesterday.","[{""role"": ""user"", ""text"": ""Yo, [USER] second morning in a row my alarm didn\u2019t go off. What gives?""}, {""role"": ""assistant"", ""text"": ""[USER] We want to help you with your phone. Which iOS are you running on your device? How long has this been going on?""}, {""role"": ""user"", ""text"": ""[USER] Just the past 2 days. I\u2019m on a 64GB SE running on 11.0.2. I\ufe0f do have a software update available so I\u2019m gonna try updating at home.""}]",1,negative,multi_turn,keyboard_text_glitch,True,Thread length: 3+ prior unresolved conversation turns,Express professional empathy/apology for frustration; Direct customer to Text Replacement workaround in Settings or latest iOS patch; do not blame customer. Never promise ungrounded facts or ETAs.,,,,,
20,"[USER] It happens on my phone &amp; computer - in texts, &amp; on Facebook, Twitter, IG - ever since the update. Just the letter “I️” https://t.co/I6WRn6Sna1","[{""role"": ""user"", ""text"": ""Hey [USER] why does my phone do the A ? all over social media when someone types \u201cI\ufe0f\u201d ??? https://t.co/VWESZe0hLH""}, {""role"": ""assistant"", ""text"": ""[USER] Great question. Is this happening with your device or are you only seeing it when someone else types? DM us. https://t.co/GDrqU22YpT""}]",1,neutral,multi_turn,keyboard_text_glitch,False,Routine inquiry: standard troubleshooting or known self-service workaround available,Direct customer to Text Replacement workaround in Settings or latest iOS patch; do not blame customer. Never promise ungrounded facts or ETAs.,,,,,
21,THERE WERENT ANY EMOJIS IN THIS AND THERE IS STILL A BOX!!!!! [USER] [USER] https://t.co/XVVCHFuvI0,"[{""role"": ""user"", ""text"": ""I\ufe0f feel myself getting more and more aggravated with everything as the semester comes to an end""}]",1,neutral,multi_turn,keyboard_text_glitch,False,Routine inquiry: standard troubleshooting or known self-service workaround available,Direct customer to Text Replacement workaround in Settings or latest iOS patch; do not blame customer. Never promise ungrounded facts or ETAs.,,,,,
22,[USER] You talking about the boxes? it’s not emojis. it’s the capital letter “i”. There’s a glitch and [USER] bum asses still haven’t fixed I️t.,"[{""role"": ""user"", ""text"": ""Like theres still emojis i cant see bruh""}]",1,neutral,multi_turn,keyboard_text_glitch,False,Routine inquiry: standard troubleshooting or known self-service workaround available,Direct customer to Text Replacement workaround in Settings or latest iOS patch; do not blame customer. Never promise ungrounded facts or ETAs.,,,,,
23,"[USER] Funny, autocorrect still changes actual words to other words that it “thinks” it should be. Still not working correctly. Instead of another new phone, fix the ones currently out not working properly","[{""role"": ""user"", ""text"": ""[USER] how about fixing your stupid autocorrect to recognize ACTUAL WORDS instead of worrying about 70 new friggen emojis! Last time I checked \u201cthe\u201d IS A WORD!!! Smartphone my a$$!!!""}]",1,positive,multi_turn,keyboard_text_glitch,False,Routine inquiry: standard troubleshooting or known self-service workaround available,Direct customer to Text Replacement workaround in Settings or latest iOS patch; do not blame customer. Never promise ungrounded facts or ETAs.,,,,,
24,[USER] [USER] Me too! “i” seems like an important letter for Apple to get right....,"[{""role"": ""user"", ""text"": ""Anyone else\u2019s #iphone inserting this weird symbol \u201cI\ufe0f \u201c instead of the letter \u201ci\u201d? Annoying. I\ufe0f phone. See! [USER]""}]",1,positive,multi_turn,keyboard_text_glitch,False,Routine inquiry: standard troubleshooting or known self-service workaround available,Direct customer to Text Replacement workaround in Settings or latest iOS patch; do not blame customer. Never promise ungrounded facts or ETAs.,,,,,
25,[USER] [USER] [USER] [USER] Ooppppp JK looks like it works when I️ type but changes when I️ press send 😒,"[{""role"": ""user"", ""text"": ""[USER] [USER] [USER] OK YES THIS IS HAPPENING TO ME TOO""}, {""role"": ""user"", ""text"": ""[USER] [USER] [USER] [USER] You gotta update your phone to the new iOS""}, {""role"": ""user"", ""text"": ""[USER] [USER] [USER] [USER] I\ufe0f updated to the new iOS and got this""}, {""role"": ""user"", ""text"": ""[USER] [USER] [USER] [USER] Weird mine worked for some reason.... I\ufe0f""}]",1,positive,multi_turn,keyboard_text_glitch,True,Thread length: 3+ prior unresolved conversation turns,Direct customer to Text Replacement workaround in Settings or latest iOS patch; do not blame customer. Never promise ungrounded facts or ETAs.,,,,,
26,[USER] fix this update! I’m tired of seeing I️ every time I️ type the letter i.,[],1,negative,single_turn,keyboard_text_glitch,False,Routine inquiry: standard troubleshooting or known self-service workaround available,Express professional empathy/apology for frustration; Direct customer to Text Replacement workaround in Settings or latest iOS patch; do not blame customer. Never promise ungrounded facts or ETAs.,,,,,
27,"Dude, [USER] why have y’all made “I.T” pop up when I type “it”. I hate I.T ????? I need answers",[],1,negative,single_turn,keyboard_text_glitch,False,Routine inquiry: standard troubleshooting or known self-service workaround available,Express professional empathy/apology for frustration; Direct customer to Text Replacement workaround in Settings or latest iOS patch; do not blame customer. Never promise ungrounded facts or ETAs.,,,,,
28,[USER] what’s up with the new iPad keyboard? Make it harder to use? Come on - do better. I don’t want to fight for a “5” instead of a “t”. Y’all this is just bad...,[],1,negative,single_turn,keyboard_text_glitch,False,Routine inquiry: standard troubleshooting or known self-service workaround available,Express professional empathy/apology for frustration; Direct customer to Text Replacement workaround in Settings or latest iOS patch; do not blame customer. Never promise ungrounded facts or ETAs.,,,,,
29,[USER] FIX THIS BUG WHERE MY PHONE CANT TYPE THE LETTER “I” WITHOUT IT AUTO CORRECTING TO HIEROGLYPHICS 🙄🙄,[],1,neutral,single_turn,keyboard_text_glitch,False,Routine inquiry: standard troubleshooting or known self-service workaround available,Direct customer to Text Replacement workaround in Settings or latest iOS patch; do not blame customer. Never promise ungrounded facts or ETAs.,,,,,
30,Why do i see “I” as “A?” [USER]? HALP,[],1,neutral,single_turn,keyboard_text_glitch,False,Routine inquiry: standard troubleshooting or known self-service workaround available,Direct customer to Text Replacement workaround in Settings or latest iOS patch; do not blame customer. Never promise ungrounded facts or ETAs.,,,,,
31,[USER] why is “i” replaced with a question mark box ?,[],1,neutral,single_turn,keyboard_text_glitch,False,Routine inquiry: standard troubleshooting or known self-service workaround available,Direct customer to Text Replacement workaround in Settings or latest iOS patch; do not blame customer. Never promise ungrounded facts or ETAs.,,,,,
32,[USER] I️ can’t type anything without the weird boxes popping up. Please fix this,[],1,positive,single_turn,keyboard_text_glitch,False,Routine inquiry: standard troubleshooting or known self-service workaround available,Direct customer to Text Replacement workaround in Settings or latest iOS patch; do not blame customer. Never promise ungrounded facts or ETAs.,,,,,
33,Hey [USER] can you make my keyboard go back to normal?? Why does it change certain letters to this?? https://t.co/Wha1rZ7D75,[],1,positive,single_turn,keyboard_text_glitch,False,Routine inquiry: standard troubleshooting or known self-service workaround available,Direct customer to Text Replacement workaround in Settings or latest iOS patch; do not blame customer. Never promise ungrounded facts or ETAs.,,,,,
34,"This would be nice if [USER] would fix the ninth letter of the alphabet so that it doesn’t correct to an exclamation/question mark duo when it stands alone, typically at the beginning of sentences used to refer to oneself. But hey, it’s not my call, only [USER] has the ability to https://t.co/pb6IdhpcD9",[],1,positive,single_turn,keyboard_text_glitch,False,Routine inquiry: standard troubleshooting or known self-service workaround available,Direct customer to Text Replacement workaround in Settings or latest iOS patch; do not blame customer. Never promise ungrounded facts or ETAs.,,,,,
35,[USER] iOS 11 and I've tried all the tips. Sometimes battery goes from 100 to 80 percent in 15 minutes. Without any special activity,"[{""role"": ""user"", ""text"": ""[USER] Hi there, I think that my iP6s's battery drains too fast. Is there a way to check battery health?""}, {""role"": ""assistant"", ""text"": ""[USER] We'd love to help. Which iOS version are you using? Also, have you had a chance to try the tips here: https://t.co/bivpdfBNJ6""}]",10,negative,multi_turn,battery_power_drain,True,High-risk intent: severe battery drain or power hardware risk requires diagnostic review,Express professional empathy/apology for frustration; Suggest checking Settings > Battery usage breakdown; avoid promising free hardware replacement. Never promise ungrounded facts or ETAs.,,,,,
36,[USER] I’m finding I need to recharge fairly often at 3pm as the charge has dropped to 20%. I just wonder whether the battery has worn out? https://t.co/dVFne7fVJK,"[{""role"": ""user"", ""text"": ""Hey [USER] is there a way I can tell what the battery health is like on my 6s plus at all?""}, {""role"": ""assistant"", ""text"": ""[USER] Let's take a look together. To start, are you experiencing any issue with your battery currently? If so, what's going on?""}]",10,negative,multi_turn,battery_power_drain,True,High-risk intent: severe battery drain or power hardware risk requires diagnostic review,Express professional empathy/apology for frustration; Suggest checking Settings > Battery usage breakdown; avoid promising free hardware replacement. Never promise ungrounded facts or ETAs.,,,,,
37,[USER] not lying but my battery is fucked up,"[{""role"": ""user"", ""text"": ""[USER] are u guys changing battery for free on iPhone? (lol i wish)""}]",10,negative,multi_turn,battery_power_drain,True,High-risk intent: severe battery drain or power hardware risk requires diagnostic review,Express professional empathy/apology for frustration; Suggest checking Settings > Battery usage breakdown; avoid promising free hardware replacement. Never promise ungrounded facts or ETAs.,,,,,
38,[USER] #itsucks battery mostly #ios11,"[{""role"": ""user"", ""text"": ""And as I started believing in perfection...[USER] rolled out IOS 11\n#itsucks""}]",10,neutral,multi_turn,battery_power_drain,True,High-risk intent: severe battery drain or power hardware risk requires diagnostic review,Suggest checking Settings > Battery usage breakdown; avoid promising free hardware replacement. Never promise ungrounded facts or ETAs.,,,,,
39,[USER] This is happening for last 7-10 days.. Using charger that came with the device..,"[{""role"": ""user"", ""text"": ""[USER] my iPad 5, 9.7\"" is taking 5-6 hours to get charged from 25% to 90%.\nIs this normal?? [USER]""}, {""role"": ""assistant"", ""text"": ""[USER] Let's tackle this together. How long has this been going on? Are you using the charger that came with the device?""}]",10,neutral,multi_turn,battery_power_drain,True,High-risk intent: severe battery drain or power hardware risk requires diagnostic review,Suggest checking Settings > Battery usage breakdown; avoid promising free hardware replacement. Never promise ungrounded facts or ETAs.,,,,,
40,"[USER] [USER] Actually, my Bluetooth and WiFi turning themselves on draining my battery... how can I downgrade to iOS 10.3?","[{""role"": ""user"", ""text"": ""Hi [USER] why does my Bluetooth keep turning itself on in iOS11.1.1, and how can I stop it?""}]",10,neutral,multi_turn,battery_power_drain,True,High-risk intent: severe battery drain or power hardware risk requires diagnostic review,Suggest checking Settings > Battery usage breakdown; avoid promising free hardware replacement. Never promise ungrounded facts or ETAs.,,,,,
41,[USER] This still hasn’t resolved my battery life .[USER] I’m not even using my iPhone and battery drains!,"[{""role"": ""user"", ""text"": ""NO!! The #iOS update 11.0.3 is draining the battery life faster than ever!! [USER] 100% to %7 in two hours!""}, {""role"": ""assistant"", ""text"": ""[USER] Battery life is important, and we can help. As a starting point, try these steps to help: https://t.co/bivpdfBNJ6""}]",10,positive,multi_turn,battery_power_drain,True,High-risk intent: severe battery drain or power hardware risk requires diagnostic review,Suggest checking Settings > Battery usage breakdown; avoid promising free hardware replacement. Never promise ungrounded facts or ETAs.,,,,,
42,[USER] Ever since the update the light dims and brightens on its own. I’m using a 6. I’m gonna set it at a specific level and see how long it stays https://t.co/0XCV91sVPF,"[{""role"": ""user"", ""text"": ""Subscribe to Apple Music. Pop in your AirPods. Then stream 40 million songs from your Apple Watch Series 3. https://t.co/Rc9088bUEA https://t.co/YXXYLdJjd0""}, {""role"": ""user"", ""text"": ""[USER] Please stop fucking with my backlight, I could barely get through the whole day the way it was.""}, {""role"": ""assistant"", ""text"": ""[USER] We'd like to help, but we'll need more details about the backlight issue to start.  Also, what model is it? iOS version?""}]",10,positive,multi_turn,software_update_ios,True,Thread length: 3+ prior unresolved conversation turns,Clarify current iOS version; confirm backup status before updating; link to update knowledgebase article. Never promise ungrounded facts or ETAs.,,,,,
43,[USER] [USER] Snap. Downloaded all the updates as well but my 5S still drains twice as quick as it used to and goes from 20% to ‘off’ in seconds. Grrrr,"[{""role"": ""user"", ""text"": ""Hi [USER], could you pls explain why, since I downloaded yr iOS update, my iPhone crashes at 10%,  20%, even 40% battery? Massively inconvenient at best.""}]",10,positive,multi_turn,battery_power_drain,True,High-risk intent: severe battery drain or power hardware risk requires diagnostic review,Suggest checking Settings > Battery usage breakdown; avoid promising free hardware replacement. Never promise ungrounded facts or ETAs.,,,,,
44,[USER] hello i just updated my ip6 to ios 11.2 and the battery drains waaaaay to fast like literally it lost 20% withing ten minutes without using anything. I’m so disappointed by this please help 😣😢,[],10,negative,single_turn,battery_power_drain,True,High-risk intent: severe battery drain or power hardware risk requires diagnostic review,Express professional empathy/apology for frustration; Suggest checking Settings > Battery usage breakdown; avoid promising free hardware replacement. Never promise ungrounded facts or ETAs.,,,,,
45,"[USER] Stop DMing people about their “battery life solutions” - tell us ALL. 😳
Will iOS 11.0.3 fix this?",[],10,negative,single_turn,battery_power_drain,True,High-risk intent: severe battery drain or power hardware risk requires diagnostic review,Express professional empathy/apology for frustration; Suggest checking Settings > Battery usage breakdown; avoid promising free hardware replacement. Never promise ungrounded facts or ETAs.,,,,,
46,[USER] iOS 11.0.3 is killing my phone battery and turning on my Bluetooth on its own.  Fix this Sh&amp;$!,[],10,negative,single_turn,battery_power_drain,True,High-risk intent: severe battery drain or power hardware risk requires diagnostic review,Express professional empathy/apology for frustration; Suggest checking Settings > Battery usage breakdown; avoid promising free hardware replacement. Never promise ungrounded facts or ETAs.,,,,,
47,#iOS11 drains my battery!!! Yo [USER] fix this situation!,[],10,neutral,single_turn,battery_power_drain,True,High-risk intent: severe battery drain or power hardware risk requires diagnostic review,Suggest checking Settings > Battery usage breakdown; avoid promising free hardware replacement. Never promise ungrounded facts or ETAs.,,,,,
48,"The new update on iOS is slowing down every thing on my iPhone and draining my battery, too. Seriously,[USER]? 😒",[],10,neutral,single_turn,battery_power_drain,True,High-risk intent: severe battery drain or power hardware risk requires diagnostic review,Suggest checking Settings > Battery usage breakdown; avoid promising free hardware replacement. Never promise ungrounded facts or ETAs.,,,,,
49,Is it only me or others are also facing #iPhone7 battery drain issue?? [USER] [USER],[],10,neutral,single_turn,battery_power_drain,True,High-risk intent: severe battery drain or power hardware risk requires diagnostic review,Suggest checking Settings > Battery usage breakdown; avoid promising free hardware replacement. Never promise ungrounded facts or ETAs.,,,,,
50,Had my phone on the charger for a 3 hour car ride somehow didn’t gain any battery only lost it. Do me a favor [USER] go kick rocks,[],10,positive,single_turn,battery_power_drain,True,High-risk intent: severe battery drain or power hardware risk requires diagnostic review,Suggest checking Settings > Battery usage breakdown; avoid promising free hardware replacement. Never promise ungrounded facts or ETAs.,,,,,
51,"Yay, I️ won the lottery with the latest iPhone glitch! And [USER] still claims my bad battery doesn’t qualify for the recall so YAY for me! https://t.co/1D7zhAZPdz",[],10,positive,single_turn,keyboard_text_glitch,False,Routine inquiry: standard troubleshooting or known self-service workaround available,Direct customer to Text Replacement workaround in Settings or latest iOS patch; do not blame customer. Never promise ungrounded facts or ETAs.,,,,,
52,Well 11.1 has not solved the rapid battery drain #ios111 [USER] [USER],[],10,positive,single_turn,battery_power_drain,True,High-risk intent: severe battery drain or power hardware risk requires diagnostic review,Suggest checking Settings > Battery usage breakdown; avoid promising free hardware replacement. Never promise ungrounded facts or ETAs.,,,,,
53,[USER] No because every software upgrade you release slows down my iPhone 6 even though it’s only 3 years old.,"[{""role"": ""user"", ""text"": ""Genuinely don\u2019t think my sister has stopped talking since she got here last night""}, {""role"": ""user"", ""text"": ""Also tried to tweet this 3 times but it kept messing up Bc of the damn I\ufe0f glitch [USER] FIX THIS SHIT""}, {""role"": ""assistant"", ""text"": ""[USER] Thanks for reaching out.  We know how important it is for your auto-correct to work as expected and we'll do everything we can to assist.  Have you had a chance to update to iOS 11.1.2?  Let us know in DM. https://t.co/GDrqU22YpT""}]",2,negative,multi_turn,connectivity_network_issue,True,Thread length: 3+ prior unresolved conversation turns,Express professional empathy/apology for frustration; Advise toggle Airplane Mode / restart; ask for carrier and device model; direct to DM. Never promise ungrounded facts or ETAs.,,,,,
54,[USER] my iphone's screen stopped responding in the middle of nowhere as if it got busy. its been 15 long hours yet NO hope. how come?,"[{""role"": ""user"", ""text"": ""so my iPhone was perfectly working a minute back and then it stopped working just out of nowhere. what kind of a sorcery is this \ud83d\ude36 [USER]""}, {""role"": ""assistant"", ""text"": ""[USER] What trouble are you having? We'll look into this with you and see what's going on.""}]",2,negative,multi_turn,connectivity_network_issue,False,Routine inquiry: standard troubleshooting or known self-service workaround available,Express professional empathy/apology for frustration; Advise toggle Airplane Mode / restart; ask for carrier and device model; direct to DM. Never promise ungrounded facts or ETAs.,,,,,
55,[USER] and sometimes when opening one of these applications the screen just stays blank like it’s loading but it’s stuck and I have to hard-reset the iPhone to be able use it again.. (2/2),"[{""role"": ""assistant"", ""text"": ""[USER] Did these issues happen before updating to iOS 11.1.2? If so, do you remember which update this started on?""}, {""role"": ""user"", ""text"": ""[USER] [USER] i\u2019m having exactly the same problems with 11.1.2 but I was having the same problems with the one before. I hoped this last one would fix it. It didn\u2019t :( it\u2019s really annoying. Have to hard-reset a lot.""}, {""role"": ""assistant"", ""text"": ""[USER] We'd like to help with any issues you're experiencing. Please let us know which iPhone you're using, and exactly what's going on. For example, is this occurring when using specific apps, or taking certain actions?""}, {""role"": ""user"", ""text"": ""[USER] i\u2019m using an iPhone 7 Plus. I have the problem with everything. With opening apps, the appstore, my contacts, my mail. It just freezes. Sometimes I double tap the home button and remove it to restart the app and it\u2019s still the same.. (1/2)""}]",2,negative,multi_turn,app_compatibility_settings,True,Thread length: 3+ prior unresolved conversation turns,Express professional empathy/apology for frustration; Advise checking App Store for app updates; recommend reinstalling app if issue persists. Never promise ungrounded facts or ETAs.,,,,,
56,[USER] iPhone 7. Had the last newest iOS when contacts + messages where gone. Restarted and then they where back. Downloaded newest iOS - now gone,"[{""role"": ""user"", ""text"": ""[USER] All my messages disappeared today while holding the phone in my hand. Restarted and it was back. But now gone again. HELP!! \ud83d\ude29""}, {""role"": ""assistant"", ""text"": ""[USER] Let's gather some information to see how we can get your messages to reappear. What device and iOS version are you using?""}]",2,neutral,multi_turn,device_os_glitch,True,High-risk intent: device OS freezing/instability requires technical tier-2 escalation,Acknowledge severe glitch; recommend force restart steps; ask for exact iOS version; direct to DM. Never promise ungrounded facts or ETAs.,,,,,
57,[USER] My phone has frozen on this new IOS and i couldnt enter any app until i https://t.co/hyUcQ9os1M photos arent recovering !!!,"[{""role"": ""assistant"", ""text"": ""Keep your eyes on the road, not on your #iPhone. Use Do Not Disturb While Driving to limit notifications. https://t.co/CQfnicS7WD""}]",2,neutral,multi_turn,device_os_glitch,True,High-risk intent: device OS freezing/instability requires technical tier-2 escalation,Acknowledge severe glitch; recommend force restart steps; ask for exact iOS version; direct to DM. Never promise ungrounded facts or ETAs.,,,,,
58,[USER] that the iPhone needs to charge and the device does not recognize the cable,"[{""role"": ""user"", ""text"": ""[USER] Hi i have a problem with iphone, i have locked the iphone and need to unlock about the problem iTunes""}]",2,neutral,multi_turn,battery_power_drain,True,High-risk intent: severe battery drain or power hardware risk requires diagnostic review,Suggest checking Settings > Battery usage breakdown; avoid promising free hardware replacement. Never promise ungrounded facts or ETAs.,,,,,
59,"[USER] Thanks! iPhone 6s Plus - I have very little data available, but have very few apps downloaded and my camera roll currently looks like this? Can you give me some advice please. I have deleted all irrelevant data https://t.co/nEScxy3dmt","[{""role"": ""user"", ""text"": ""[USER] hi! I'm having a few issues with my memory - I wonder if you could help me?""}, {""role"": ""assistant"", ""text"": ""[USER] Hi. We are here to help. What issues are you experiencing? Also, what device are you using?""}]",2,positive,multi_turn,non_english_inquiry,True,Routing: non-English language query requires localized human support agent,Acknowledge in language if possible; offer English or route to regional support channel. Never promise ungrounded facts or ETAs.,,,,,
60,[USER] Apple-iphone definitely was hacked-THOUSANDS of gigs of #photos #disappeared overnight [USER],"[{""role"": ""user"", ""text"": ""[USER] we need to connect-something\u2019s WAY WRONG-will CALL you....PERSONALLY""}]",2,positive,multi_turn,app_compatibility_settings,False,Routine inquiry: standard troubleshooting or known self-service workaround available,Advise checking App Store for app updates; recommend reinstalling app if issue persists. Never promise ungrounded facts or ETAs.,,,,,
61,[USER] Still no good...just had it replaced though so all is well. First iPhone X return the store had done 😂,"[{""role"": ""user"", ""text"": ""[USER] \u00a31000 for a phone that I can\u2019t activate; 2 different SIM cards that work in other phones and your support says call carrier?""}, {""role"": ""assistant"", ""text"": ""[USER] Congratulations on your new iPhone and thanks for your patience, check out this for activation issues: https://t.co/ywHIZGN4Ac""}]",2,positive,multi_turn,connectivity_network_issue,False,Routine inquiry: standard troubleshooting or known self-service workaround available,Advise toggle Airplane Mode / restart; ask for carrier and device model; direct to DM. Never promise ungrounded facts or ETAs.,,,,,
62,"[USER] after updating my iPhone 7 to iOS 11.0.3 and iCloud restore, all my photos are missing. “updating” has no progress. https://t.co/1sEAmtKxxb",[],2,negative,single_turn,account_icloud_store,True,High-risk intent: account security/data loss concern requires verified human intervention,Express professional empathy/apology for frustration; Never ask for passwords or full card numbers; direct to secure Apple ID portal or private DM. Never promise ungrounded facts or ETAs.,,,,,
63,[USER] [USER] I have an iPhone 6S and an iPhone 7+ and the 7+ is worst than the 6S.. Any suggestions or solutions?,[],2,negative,single_turn,connectivity_network_issue,False,Routine inquiry: standard troubleshooting or known self-service workaround available,Express professional empathy/apology for frustration; Advise toggle Airplane Mode / restart; ask for carrier and device model; direct to DM. Never promise ungrounded facts or ETAs.,,,,,
64,My iPhone 8plus seems to drop it’s Wi-fi connection every time I lock my screen.. 😡 [USER],[],2,negative,single_turn,connectivity_network_issue,False,Routine inquiry: standard troubleshooting or known self-service workaround available,Express professional empathy/apology for frustration; Advise toggle Airplane Mode / restart; ask for carrier and device model; direct to DM. Never promise ungrounded facts or ETAs.,,,,,
65,.[USER] My iPhone 6 plus automatically updated last night and now several apps don't work. What gives???,[],2,neutral,single_turn,software_update_ios,True,High-risk intent: OS update defect/regression requires support ticket,Clarify current iOS version; confirm backup status before updating; link to update knowledgebase article. Never promise ungrounded facts or ETAs.,,,,,
66,"[USER] fix your iPhone 7+ headphone jack, snap crackling and popping is for cereal, not my headphones",[],2,neutral,single_turn,media_audio_services,False,Routine inquiry: standard troubleshooting or known self-service workaround available,Guide through force-closing music app and checking audio settings; ask for headset/device model. Never promise ungrounded facts or ETAs.,,,,,
67,"Had my iphone back for 3 hours, and my MacBook Pro just quit mid update and won’t turn back on. 👀👀👀 [USER]",[],2,neutral,single_turn,macos_hardware_support,True,High-risk intent: Mac hardware/system failure requires hardware specialist,Request Mac model and macOS release; suggest NVRAM/SMC reset or Safe Mode boot; offer Genius Bar option. Never promise ungrounded facts or ETAs.,,,,,
68,"[USER] I restored my iPhone 5s back to factory settings, set it up again and restored my apps, but it is still restarting sometimes!",[],2,positive,single_turn,device_os_glitch,True,High-risk intent: device OS freezing/instability requires technical tier-2 escalation,Acknowledge severe glitch; recommend force restart steps; ask for exact iOS version; direct to DM. Never promise ungrounded facts or ETAs.,,,,,
69,"It’s just my luck that each time Ive gotten a new iPhone from the apple store the phone has some subtle faults

[USER] really needs to make sure their phones are all fault free because it’s so tedious and time consuming to having to go back and sort the issue out ...",[],2,positive,single_turn,app_compatibility_settings,False,Routine inquiry: standard troubleshooting or known self-service workaround available,Advise checking App Store for app updates; recommend reinstalling app if issue persists. Never promise ungrounded facts or ETAs.,,,,,
70,"Since installing 11.0.3, Iphone 6s mic &amp; speaker doesn't work for voice calls and Siri :( Internet calls are ok though. Help [USER]",[],2,positive,single_turn,software_update_ios,True,High-risk intent: OS update defect/regression requires support ticket,Clarify current iOS version; confirm backup status before updating; link to update knowledgebase article. Never promise ungrounded facts or ETAs.,,,,,
71,[USER] fix this shit!!,"[{""role"": ""user"", ""text"": ""I\ufe0f I\ufe0f I\ufe0f I\ufe0f I\ufe0f I\ufe0f""}]",3,negative,multi_turn,conversation_followup_status,False,Routine inquiry: standard troubleshooting or known self-service workaround available,Express professional empathy/apology for frustration; Acknowledge status warmly; confirm if further assistance is needed; sign off courteously. Never promise ungrounded facts or ETAs.,,,,,
72,[USER] Unsuccessful,"[{""role"": ""user"", ""text"": ""[USER] Since update microphone is not working while on call. If the speaker is ON, its fine. Help please""}, {""role"": ""assistant"", ""text"": ""[USER] We\u2019re happy to help. To verify, have you had the chance to take the steps from this article so far? https://t.co/rDJwu6CX24""}]",3,negative,multi_turn,conversation_followup_status,False,Routine inquiry: standard troubleshooting or known self-service workaround available,Express professional empathy/apology for frustration; Acknowledge status warmly; confirm if further assistance is needed; sign off courteously. Never promise ungrounded facts or ETAs.,,,,,
73,So dumb [USER] [USER] fix this stupid thing,"[{""role"": ""user"", ""text"": ""I\ufe0f I\ufe0f I\ufe0f I\ufe0f I\ufe0f I\ufe0f I\ufe0f I\ufe0f I\ufe0f""}]",3,negative,multi_turn,conversation_followup_status,False,Routine inquiry: standard troubleshooting or known self-service workaround available,Express professional empathy/apology for frustration; Acknowledge status warmly; confirm if further assistance is needed; sign off courteously. Never promise ungrounded facts or ETAs.,,,,,
74,[USER] explain yourself,"[{""role"": ""user"", ""text"": ""My only wish in life is for the letter \u201cI\ufe0f\u201d to be fixed on iPhones everywhere""}]",3,neutral,multi_turn,conversation_followup_status,False,Routine inquiry: standard troubleshooting or known self-service workaround available,Acknowledge status warmly; confirm if further assistance is needed; sign off courteously. Never promise ungrounded facts or ETAs.,,,,,
75,[USER] [USER] [USER] Actually same,"[{""role"": ""user"", ""text"": ""ios11 is not my friend. my phone keeps freezing. [USER] [USER]""}]",3,neutral,multi_turn,conversation_followup_status,False,Routine inquiry: standard troubleshooting or known self-service workaround available,Acknowledge status warmly; confirm if further assistance is needed; sign off courteously. Never promise ungrounded facts or ETAs.,,,,,
76,[USER] oh there it is again,"[{""role"": ""user"", ""text"": ""[USER] why tf is my phone showing \u201ci\ufe0f\u201d as this https://t.co/3nkgrxOt6d""}, {""role"": ""user"", ""text"": ""[USER] oh i\ufe0f mean even in this tweet it\u2019s messed up""}]",3,neutral,multi_turn,conversation_followup_status,False,Routine inquiry: standard troubleshooting or known self-service workaround available,Acknowledge status warmly; confirm if further assistance is needed; sign off courteously. Never promise ungrounded facts or ETAs.,,,,,
77,"[USER] Yes, already updated!","[{""role"": ""user"", ""text"": ""The [USER] app in iOS 11 is consuming too much battery. Just 10 mins of music reduces battery by 10%. Pls check this. [USER] [USER]""}, {""role"": ""assistant"", ""text"": ""[USER] Thank you for reaching out to us. We know how important it is to have this resolved as quickly as possible. To start, have you updated your device to 11.1.1? You can update your device by following these steps: https://t.co/80YRnjDFDk""}]",3,positive,multi_turn,software_update_ios,True,High-risk intent: OS update defect/regression requires support ticket,Clarify current iOS version; confirm backup status before updating; link to update knowledgebase article. Never promise ungrounded facts or ETAs.,,,,,
78,[USER] [USER] The same happened to me lol,"[{""role"": ""user"", ""text"": ""[USER] got ios 11.0.3 and now my alarm won\u2019t go off when the phone is on silent??""}]",3,positive,multi_turn,app_compatibility_settings,False,Routine inquiry: standard troubleshooting or known self-service workaround available,Advise checking App Store for app updates; recommend reinstalling app if issue persists. Never promise ungrounded facts or ETAs.,,,,,
79,[USER] Thank you. All done,"[{""role"": ""user"", ""text"": ""[USER] received a scam email but didn\u2019t click the link - what do I need to do now?""}, {""role"": ""user"", ""text"": ""[USER] Thank you. What\u2019s complete header info? What do I need to include in that?""}, {""role"": ""assistant"", ""text"": ""[USER] When you follow the steps to forward the email, the header info will be included.""}]",3,positive,multi_turn,conversation_followup_status,True,Thread length: 3+ prior unresolved conversation turns,Acknowledge status warmly; confirm if further assistance is needed; sign off courteously. Never promise ungrounded facts or ETAs.,,,,,
80,Oh so my i still broke. Ok [USER],[],3,negative,single_turn,conversation_followup_status,False,Routine inquiry: standard troubleshooting or known self-service workaround available,Express professional empathy/apology for frustration; Acknowledge status warmly; confirm if further assistance is needed; sign off courteously. Never promise ungrounded facts or ETAs.,,,,,
81,[USER] [USER] I’m having trouble verifying my [USER]  Card is there any other way to do it beside call the bank?,[],3,negative,single_turn,conversation_followup_status,False,Routine inquiry: standard troubleshooting or known self-service workaround available,Express professional empathy/apology for frustration; Acknowledge status warmly; confirm if further assistance is needed; sign off courteously. Never promise ungrounded facts or ETAs.,,,,,
82,[USER] i'm still waiting for my refund ☹️😒,[],3,negative,single_turn,conversation_followup_status,False,Routine inquiry: standard troubleshooting or known self-service workaround available,Express professional empathy/apology for frustration; Acknowledge status warmly; confirm if further assistance is needed; sign off courteously. Never promise ungrounded facts or ETAs.,,,,,
83,[USER] https://t.co/E70UNk9TdZ,[],3,neutral,single_turn,conversation_followup_status,False,Routine inquiry: standard troubleshooting or known self-service workaround available,Acknowledge status warmly; confirm if further assistance is needed; sign off courteously. Never promise ungrounded facts or ETAs.,,,,,
84,[USER] 2/2 is Friday? https://t.co/KMCxPEYxaq,[],3,neutral,single_turn,conversation_followup_status,False,Routine inquiry: standard troubleshooting or known self-service workaround available,Acknowledge status warmly; confirm if further assistance is needed; sign off courteously. Never promise ungrounded facts or ETAs.,,,,,
85,[USER] [USER] how have you all not fixed this text glitch yet,[],3,neutral,single_turn,keyboard_text_glitch,False,Routine inquiry: standard troubleshooting or known self-service workaround available,Direct customer to Text Replacement workaround in Settings or latest iOS patch; do not blame customer. Never promise ungrounded facts or ETAs.,,,,,
86,[USER] i need y’all to get it together and fix this bs and act like y’all see people complaining about it. I️I️,[],3,positive,single_turn,keyboard_text_glitch,False,Routine inquiry: standard troubleshooting or known self-service workaround available,Direct customer to Text Replacement workaround in Settings or latest iOS patch; do not blame customer. Never promise ungrounded facts or ETAs.,,,,,
87,[USER] help ?? https://t.co/IIZ9Yjo37L,[],3,positive,single_turn,conversation_followup_status,False,Routine inquiry: standard troubleshooting or known self-service workaround available,Acknowledge status warmly; confirm if further assistance is needed; sign off courteously. Never promise ungrounded facts or ETAs.,,,,,
88,[USER] is there any one to help me out,[],3,positive,single_turn,conversation_followup_status,False,Routine inquiry: standard troubleshooting or known self-service workaround available,Acknowledge status warmly; confirm if further assistance is needed; sign off courteously. Never promise ungrounded facts or ETAs.,,,,,
89,[USER] [USER] Or the issue of my phone running slow as molasses making it take 3 mins to send an “ok” text or it being hot as FIRE all damn day long.,"[{""role"": ""user"", ""text"": ""I don\u2019t see the fix for \u201csucking the life out of my battery with these updates\u201d issue... [USER] https://t.co/Wtz3xPevpW""}]",4,negative,multi_turn,device_os_glitch,True,High-risk intent: device OS freezing/instability requires technical tier-2 escalation,Express professional empathy/apology for frustration; Acknowledge severe glitch; recommend force restart steps; ask for exact iOS version; direct to DM. Never promise ungrounded facts or ETAs.,,,,,
90,[USER] [USER] Problem in the IphoneX https://t.co/BweOCxCWBL,"[{""role"": ""user"", ""text"": ""Say hello to the future. iPhone X available now.""}]",4,negative,multi_turn,device_os_glitch,True,High-risk intent: device OS freezing/instability requires technical tier-2 escalation,Express professional empathy/apology for frustration; Acknowledge severe glitch; recommend force restart steps; ask for exact iOS version; direct to DM. Never promise ungrounded facts or ETAs.,,,,,
91,[USER] [USER] My phone won’t stop locking up or turning itself off since the stupid update. And my camera refuses to work half the time lately. I’ve had it since May 😡,"[{""role"": ""user"", ""text"": ""Hey [USER] my phone is dropping calls and I\u2019ve only had it one year.  Soooooo this needs to be fixed like now.""}]",4,negative,multi_turn,software_update_ios,True,High-risk intent: OS update defect/regression requires support ticket,Express professional empathy/apology for frustration; Clarify current iOS version; confirm backup status before updating; link to update knowledgebase article. Never promise ungrounded facts or ETAs.,,,,,
92,"[USER] I’ve restarted and made my phone is updated to the latest version, still nothing.","[{""role"": ""user"", ""text"": ""So u fixed one problem with the \""I\"" NOOOOWWWWW i cant delete app?! [USER]. CAN YOU FIX THIS PLEASE? \ud83d\ude21""}, {""role"": ""assistant"", ""text"": ""[USER] Let's look into that. Could you tell us a bit more about the issue you're experiencing? What app are you attempting to delete?""}, {""role"": ""user"", ""text"": ""[USER] When I long press on my app I don\u2019t get the selection to delete them, the apps \u201cshake\u201d but no red lines pop up to delete any of the apps https://t.co/y8GfOaSJeJ""}, {""role"": ""assistant"", ""text"": ""[USER] We'd be happy to see what's causing you to be unable to delete those apps. Let's start by restarting the iPhone and see if that helps at all.""}]",4,neutral,multi_turn,software_update_ios,True,Thread length: 3+ prior unresolved conversation turns,Clarify current iOS version; confirm backup status before updating; link to update knowledgebase article. Never promise ungrounded facts or ETAs.,,,,,
93,[USER] [USER] I’ve had my iPhone 8 Plus for about a week and already having issues with my apps 🙃🙃,"[{""role"": ""user"", ""text"": ""Day 3 with my new iPhone X and it won't turn on anymore.. that seems about right eh [USER]?""}]",4,neutral,multi_turn,app_compatibility_settings,False,Routine inquiry: standard troubleshooting or known self-service workaround available,Advise checking App Store for app updates; recommend reinstalling app if issue persists. Never promise ungrounded facts or ETAs.,,,,,
94,[USER] iPhone 7,"[{""role"": ""user"", ""text"": ""[USER] my Apple Music keeps glitching. It says I don\u2019t have a song and when I try to add it it goes back to not having it added. Also 6lacks clean album says it was released in 2106""}, {""role"": ""assistant"", ""text"": ""[USER] We can help with Apple Music. What device are you currently using?""}]",4,neutral,multi_turn,device_os_glitch,True,High-risk intent: device OS freezing/instability requires technical tier-2 escalation,Acknowledge severe glitch; recommend force restart steps; ask for exact iOS version; direct to DM. Never promise ungrounded facts or ETAs.,,,,,
95,[USER] could you point out which phone number specifically?,"[{""role"": ""user"", ""text"": ""[USER] is it possible to walk in to an Apple store on 11/03 and enroll in the iPhone upgrade plan as a T-mobile customer on the spot?""}, {""role"": ""assistant"", ""text"": ""[USER] For best assistance with our iPhone Upgrade Program please reach out to our Advisors here: https://t.co/8yjRd1Xo0i""}]",4,positive,multi_turn,device_os_glitch,True,High-risk intent: device OS freezing/instability requires technical tier-2 escalation,Acknowledge severe glitch; recommend force restart steps; ask for exact iOS version; direct to DM. Never promise ungrounded facts or ETAs.,,,,,
96,[USER] [USER] I have never had to hard reset a phone more times than this ever. It took 5 tries just to get twitter to open without freezing the phone,"[{""role"": ""user"", ""text"": ""[USER] [USER] yall gotta do something about 11.0.3. Its making my phone almost useless because it keeps freezing EVERYTHING""}, {""role"": ""user"", ""text"": ""[USER] [USER] I cant control my music from the lock screen half the time. Volume doesnt seem to work sometimes. Entire OS freezes up just opening apps""}]",4,positive,multi_turn,device_os_glitch,True,High-risk intent: device OS freezing/instability requires technical tier-2 escalation,Acknowledge severe glitch; recommend force restart steps; ask for exact iOS version; direct to DM. Never promise ungrounded facts or ETAs.,,,,,
97,[USER] I phone 7+ 😅,"[{""role"": ""assistant"", ""text"": ""[USER] We can check into what's going on. Can you tell us what you're experiencing?""}, {""role"": ""user"", ""text"": ""[USER] I gotta start from the top and I can\u2019t fix words in the middle of anything.""}, {""role"": ""assistant"", ""text"": ""[USER] Just to confirm, when you're using Notes, you're unable to tap on the display and start at any point, is that correct?""}, {""role"": ""user"", ""text"": ""[USER] Yeah that\u2019s correct""}]",4,positive,multi_turn,device_os_glitch,True,Thread length: 3+ prior unresolved conversation turns,Acknowledge severe glitch; recommend force restart steps; ask for exact iOS version; direct to DM. Never promise ungrounded facts or ETAs.,,,,,
98,[USER] your new update is playing havoc on my phone. Not happy jan.,[],4,negative,single_turn,software_update_ios,True,High-risk intent: OS update defect/regression requires support ticket,Express professional empathy/apology for frustration; Clarify current iOS version; confirm backup status before updating; link to update knowledgebase article. Never promise ungrounded facts or ETAs.,,,,,
99,[USER] this update is terrible you ruined my phone,[],4,negative,single_turn,software_update_ios,True,High-risk intent: OS update defect/regression requires support ticket,Express professional empathy/apology for frustration; Clarify current iOS version; confirm backup status before updating; link to update knowledgebase article. Never promise ungrounded facts or ETAs.,,,,,
100,[USER] and [USER] y’all sold me some jank ass iPhone 8’s 🤦🏾‍♀️ how the phone go completely black and now not working SMH,[],4,negative,single_turn,device_os_glitch,True,High-risk intent: device OS freezing/instability requires technical tier-2 escalation,Express professional empathy/apology for frustration; Acknowledge severe glitch; recommend force restart steps; ask for exact iOS version; direct to DM. Never promise ungrounded facts or ETAs.,,,,,
101,[USER] my purchased text tones don’t work anymore 🤔,[],4,neutral,single_turn,account_icloud_store,True,High-risk intent: account security/data loss concern requires verified human intervention,Never ask for passwords or full card numbers; direct to secure Apple ID portal or private DM. Never promise ungrounded facts or ETAs.,,,,,
102,Every time I try to update my phone this happens. What can I do to fix it [USER] https://t.co/oZKJJO3wwV,[],4,neutral,single_turn,software_update_ios,True,High-risk intent: OS update defect/regression requires support ticket,Clarify current iOS version; confirm backup status before updating; link to update knowledgebase article. Never promise ungrounded facts or ETAs.,,,,,
103,S/O to [USER] for the iOS update that scrambled my cell service. 👏🏽👏🏽👏🏽,[],4,neutral,single_turn,software_update_ios,True,High-risk intent: OS update defect/regression requires support ticket,Clarify current iOS version; confirm backup status before updating; link to update knowledgebase article. Never promise ungrounded facts or ETAs.,,,,,
104,[USER] always messes up older version phones whenever the new one comes with their “updates” 😂,[],4,positive,single_turn,software_update_ios,True,High-risk intent: OS update defect/regression requires support ticket,Clarify current iOS version; confirm backup status before updating; link to update knowledgebase article. Never promise ungrounded facts or ETAs.,,,,,
105,[USER] hey my phones not calling people and I’d call you guys for help but I can’t. Can you help?,[],4,positive,single_turn,device_os_glitch,True,High-risk intent: device OS freezing/instability requires technical tier-2 escalation,Acknowledge severe glitch; recommend force restart steps; ask for exact iOS version; direct to DM. Never promise ungrounded facts or ETAs.,,,,,
106,[USER] please fix the glitch where my phone screen flips when I open a folder,[],4,positive,single_turn,device_os_glitch,True,High-risk intent: device OS freezing/instability requires technical tier-2 escalation,Acknowledge severe glitch; recommend force restart steps; ask for exact iOS version; direct to DM. Never promise ungrounded facts or ETAs.,,,,,
107,[USER] No but apps are crashing when airplaying audio to AppleTV (WiFi) or my car stereo (Bluetooth).,"[{""role"": ""assistant"", ""text"": ""Seeing an i\ufe0f whenever you type \u201ci\"" in iOS 11.1? \n\nFix it by installing the latest software update.\nhttps://t.co/NX7ObPTLvY""}]",5,negative,multi_turn,media_audio_services,False,Routine inquiry: standard troubleshooting or known self-service workaround available,Express professional empathy/apology for frustration; Guide through force-closing music app and checking audio settings; ask for headset/device model. Never promise ungrounded facts or ETAs.,,,,,
108,"I wonder if anyone at [USER] will reach out to me about this. I wonder if what I said even matters. Ugh, no headphones before solo traveling abroad is no bueno.","[{""role"": ""user"", ""text"": ""So now, I am definitely very much not happy at all. On top of that, I go to https://t.co/cYqvopJ9RM and can\u2019t even provide feedback unless it is product specific... and there isn\u2019t even an option for beats by Dre!""}, {""role"": ""user"", ""text"": ""[USER] , I hope you see this and respond, because I am INCREDIBLY discontent by this entire experience, and I hope that I will finally be able to hear back from someone. Not to mention my headphones are broken and I leave for my out of country trip on 11/24!""}, {""role"": ""user"", ""text"": ""So here I am, [USER], still with broken headphones that aren\u2019t in my possession, disgruntled from the runaround I was given to provide Apple feedback, and being told to pay for repairs that I was guaranteed would be covered under warranty.""}, {""role"": ""user"", ""text"": ""Also, can someone please tell that rep who spoke to me at the Apple Store to \u201cjust make an appointment\u201d that he should be more polite and respectful when speaking to customers?""}]",5,negative,multi_turn,media_audio_services,True,Thread length: 3+ prior unresolved conversation turns,Express professional empathy/apology for frustration; Guide through force-closing music app and checking audio settings; ask for headset/device model. Never promise ungrounded facts or ETAs.,,,,,
109,"[USER] I’m telling that if I open the music folder, the files show as they have no album art on it.while they have! https://t.co/k9uGvC9nHB","[{""role"": ""user"", ""text"": ""hey [USER], after #highsierra I don't have album art in finder anymore. any solution?""}]",5,negative,multi_turn,media_audio_services,False,Routine inquiry: standard troubleshooting or known self-service workaround available,Express professional empathy/apology for frustration; Guide through force-closing music app and checking audio settings; ask for headset/device model. Never promise ungrounded facts or ETAs.,,,,,
110,"[USER] I’m trying to talk on the phone, listen to podcasts, and/or music. Volume keeps going down.","[{""role"": ""user"", ""text"": ""[USER] [USER] my podcast volume goes down without me touching a thing...LOTS of issues since the upgrade.  Any thoughts on when you'll get things ironed out?""}, {""role"": ""assistant"", ""text"": ""[USER] Thanks for reaching out to us. We're here to help with the Podcast App. Do you experiencing the volume issue in other apps?""}]",5,neutral,multi_turn,media_audio_services,False,Routine inquiry: standard troubleshooting or known self-service workaround available,Guide through force-closing music app and checking audio settings; ask for headset/device model. Never promise ungrounded facts or ETAs.,,,,,
111,[USER] I Tried Another Wifi Network And It Didn't Work. I Also Do Not Have ITunes Downloaded To A Computer.,"[{""role"": ""user"", ""text"": ""Trying To Update My IPhone And This Keeps Popping Up Even Though I Am Connected To The Internet! Helppppp. [USER] [USER] https://t.co/iJy2qWTXHD""}, {""role"": ""assistant"", ""text"": ""[USER] The connection may be disconnecting during the process. Are you able to try on another Wi-Fi network, or do you have iTunes downloaded to a computer?""}]",5,neutral,multi_turn,media_audio_services,False,Routine inquiry: standard troubleshooting or known self-service workaround available,Guide through force-closing music app and checking audio settings; ask for headset/device model. Never promise ungrounded facts or ETAs.,,,,,
112,"[USER] it’s mostly (or all) music that I’ve manually loaded over the years, live recordings or ripped from CDs I’ve purchased.","[{""role"": ""user"", ""text"": ""Where the fuck did all my music go #iPhone8 [USER]""}, {""role"": ""assistant"", ""text"": ""[USER] Hello Julie, let's work together to find your missing music. Are you an Apple Music subscriber or is it purchased music?""}]",5,neutral,multi_turn,media_audio_services,False,Routine inquiry: standard troubleshooting or known self-service workaround available,Guide through force-closing music app and checking audio settings; ask for headset/device model. Never promise ungrounded facts or ETAs.,,,,,
113,[USER] Repeatedly pausing and playing anything that i listen or watch,"[{""role"": ""user"", ""text"": ""[USER] why is my iPhone buggin tf out \ud83d\ude10\ud83d\ude12""}, {""role"": ""assistant"", ""text"": ""[USER] Let\u2019s work together to get everything working as expected again. To start, can you tell us a bit about what is happening?""}]",5,positive,multi_turn,media_audio_services,False,Routine inquiry: standard troubleshooting or known self-service workaround available,Guide through force-closing music app and checking audio settings; ask for headset/device model. Never promise ungrounded facts or ETAs.,,,,,
114,[USER] It works fine with my car Bluetooth. But with my portable speaker and other portable speakers it does not,"[{""role"": ""user"", ""text"": ""[USER] my iPhone 8plus keeps disconnecting from my Bluetooth speaker""}, {""role"": ""assistant"", ""text"": ""[USER] We'd like to help with this Bluetooth issue. Are there any other Bluetooth devices you use? If so, does the same happen?""}]",5,positive,multi_turn,connectivity_network_issue,False,Routine inquiry: standard troubleshooting or known self-service workaround available,Advise toggle Airplane Mode / restart; ask for carrier and device model; direct to DM. Never promise ungrounded facts or ETAs.,,,,,
115,"[USER] [USER] I've already: unpaired, reset, tried audio recording, tried different phone. Reception on phone is good and without airpods, clean audio.","[{""role"": ""user"", ""text"": ""[USER] Got a serious issue with my [USER] #AirPods. Ie, when  on a call, audio crackles and drops.""}]",5,positive,multi_turn,media_audio_services,False,Routine inquiry: standard troubleshooting or known self-service workaround available,Guide through force-closing music app and checking audio settings; ask for headset/device model. Never promise ungrounded facts or ETAs.,,,,,
116,"[USER] got these brand new headphones, and they didn’t even work right out of the box. where’s the quality control? Smh https://t.co/HWtN2vkaTV",[],5,negative,single_turn,media_audio_services,False,Routine inquiry: standard troubleshooting or known self-service workaround available,Express professional empathy/apology for frustration; Guide through force-closing music app and checking audio settings; ask for headset/device model. Never promise ungrounded facts or ETAs.,,,,,
117,[USER] guys been having problems with registering my iTunes,[],5,negative,single_turn,media_audio_services,False,Routine inquiry: standard troubleshooting or known self-service workaround available,Express professional empathy/apology for frustration; Guide through force-closing music app and checking audio settings; ask for headset/device model. Never promise ungrounded facts or ETAs.,,,,,
118,[USER] [USER] say cuzz how I get my Apple Music on this iPhone X? Cause my old shit ain’t coming up no more and ya boy bought a couple albums cant let y’all jug like that feel me?,[],5,negative,single_turn,media_audio_services,False,Routine inquiry: standard troubleshooting or known self-service workaround available,Express professional empathy/apology for frustration; Guide through force-closing music app and checking audio settings; ask for headset/device model. Never promise ungrounded facts or ETAs.,,,,,
119,[USER] how do I access the podcast analytics? Is that available yet?,[],5,neutral,single_turn,non_english_inquiry,True,Routing: non-English language query requires localized human support agent,Acknowledge in language if possible; offer English or route to regional support channel. Never promise ungrounded facts or ETAs.,,,,,
120,[USER] why does my apple music not work since i have updated?? what’s the point of paying for something that doesn’t work?!?,[],5,neutral,single_turn,media_audio_services,False,Routine inquiry: standard troubleshooting or known self-service workaround available,Guide through force-closing music app and checking audio settings; ask for headset/device model. Never promise ungrounded facts or ETAs.,,,,,
121,[USER] my left EarPods suddenly shut down ?! Why is that ?,[],5,neutral,single_turn,media_audio_services,False,Routine inquiry: standard troubleshooting or known self-service workaround available,Guide through force-closing music app and checking audio settings; ask for headset/device model. Never promise ungrounded facts or ETAs.,,,,,
122,[USER] How do i Setup iTunes default playlist to shuffle all songs? when i hit play on my keyboard it only play the downloaded ones,[],5,positive,single_turn,media_audio_services,False,Routine inquiry: standard troubleshooting or known self-service workaround available,Guide through force-closing music app and checking audio settings; ask for headset/device model. Never promise ungrounded facts or ETAs.,,,,,
123,gotta love it when apple music just stops and you have to remake a new account with a new card.. i swear if i get charged 2 times smh [USER],[],5,positive,single_turn,battery_power_drain,True,High-risk intent: severe battery drain or power hardware risk requires diagnostic review,Suggest checking Settings > Battery usage breakdown; avoid promising free hardware replacement. Never promise ungrounded facts or ETAs.,,,,,
124,"Hey [USER] I install the 2 new updates on my IPhone and now I can’t play songs in my [USER], what gives?!? Help please",[],5,positive,single_turn,media_audio_services,False,Routine inquiry: standard troubleshooting or known self-service workaround available,Guide through force-closing music app and checking audio settings; ask for headset/device model. Never promise ungrounded facts or ETAs.,,,,,
125,[USER] The issue started when iOS 11 installed. The very update that drag and drop began? It’s currently version 2.,"[{""role"": ""user"", ""text"": ""[USER] how do I turn off drag and drop on my iPhone. I can\u2019t scroll through anything without lifting every picture or link""}, {""role"": ""user"", ""text"": ""[USER] I\u2019m using tumblr when it happens most often, but I don\u2019t want to be dragging and dropping. And idk, my phone screen?""}, {""role"": ""assistant"", ""text"": ""[USER] Thanks for letting us know. When did the issue start? What is the current software version installed on your iPhone?""}]",6,negative,multi_turn,software_update_ios,True,Thread length: 3+ prior unresolved conversation turns,Express professional empathy/apology for frustration; Clarify current iOS version; confirm backup status before updating; link to update knowledgebase article. Never promise ungrounded facts or ETAs.,,,,,
126,"[USER] IOS11.1.2
I don’t have disconnects but the speed is constant worse than the speed on my IPhone 6 and IPad Air 2 on the same position. Same problem with cellular.","[{""role"": ""user"", ""text"": ""[USER] why do I have on my new IPhone 8 Plus such a bad WLAN and Cellular Connection? Full bars 10mbits/ sec. iPad Air 2 same position 90mbits/sec [USER]""}, {""role"": ""assistant"", ""text"": ""[USER] We\u2019d love to assist with the Wi-Fi connection on your iPhone 8 Plus. To begin, which iOS version is installed on it? Also, what exactly is happening with the connection (e.g. frequent disconnects, doesn\u2019t connect despite showing as connected, etc.)?""}]",6,negative,multi_turn,connectivity_network_issue,False,Routine inquiry: standard troubleshooting or known self-service workaround available,Express professional empathy/apology for frustration; Advise toggle Airplane Mode / restart; ask for carrier and device model; direct to DM. Never promise ungrounded facts or ETAs.,,,,,
127,[USER] Nope i just update the ios just as it shows rest i dont play with settings much.,"[{""role"": ""user"", ""text"": ""[USER] 11.1.2""}, {""role"": ""assistant"", ""text"": ""[USER] Thanks. Next, can you please tell us when you first encountered this issue?""}, {""role"": ""user"", ""text"": ""[USER] Its been a week...its really frustrating""}, {""role"": ""assistant"", ""text"": ""[USER] Got it. Next, can you tell us if you have made any recent changes to the settings on your device that might have brought about this behavior that you are experiencing?""}]",6,negative,multi_turn,software_update_ios,True,Thread length: 3+ prior unresolved conversation turns,Express professional empathy/apology for frustration; Clarify current iOS version; confirm backup status before updating; link to update knowledgebase article. Never promise ungrounded facts or ETAs.,,,,,
128,[USER] iOS 11.0.3,"[{""role"": ""user"", ""text"": ""[USER] [USER] what is happening with my iPad?????? https://t.co/ny924Ed8fg""}, {""role"": ""assistant"", ""text"": ""[USER] We're happy to assist. Which iOS version are you currently running? Go to Settings &gt; General &gt; About for the version.""}]",6,neutral,multi_turn,software_update_ios,True,High-risk intent: OS update defect/regression requires support ticket,Clarify current iOS version; confirm backup status before updating; link to update knowledgebase article. Never promise ungrounded facts or ETAs.,,,,,
129,[USER] my device is ipad 4 and ios 8,"[{""role"": ""user"", ""text"": ""[USER] My critical ops game keeps on crashing what should i do""}, {""role"": ""assistant"", ""text"": ""[USER] Thanks for reaching out. What device are you playing on, and what version of software is that device running?""}]",6,neutral,multi_turn,software_update_ios,True,High-risk intent: OS update defect/regression requires support ticket,Clarify current iOS version; confirm backup status before updating; link to update knowledgebase article. Never promise ungrounded facts or ETAs.,,,,,
130,[USER] Hi I’m using iOS 11.0.1 (15A402),"[{""role"": ""user"", ""text"": ""[USER] iOS 11 is killing the battery on my iPhones. 6s now having to be charged at least 3 times a day #iOS11 #ios11battery""}, {""role"": ""assistant"", ""text"": ""[USER] Thanks for reaching out. DM the specific iOS version you are using currently so we can help out. https://t.co/GDrqU22YpT""}]",6,neutral,multi_turn,software_update_ios,True,High-risk intent: OS update defect/regression requires support ticket,Clarify current iOS version; confirm backup status before updating; link to update knowledgebase article. Never promise ungrounded facts or ETAs.,,,,,
131,[USER] It kept rebooting itself every other minute. I then downloaded iOS 11.2 and ever since the problem has disappeared thank you for your offer to support and help ❤️,"[{""role"": ""user"", ""text"": ""[USER] is really trying me this year. First my laptop decides to quit on me, then my Apple Watch and now my iPhone 7 is bugging wtf ?!? \ud83d\ude22""}, {""role"": ""assistant"", ""text"": ""[USER] We can help get your iPhone back in line. What kind of issues are you seeing on that iPhone specifically?""}]",6,positive,multi_turn,software_update_ios,True,High-risk intent: OS update defect/regression requires support ticket,Clarify current iOS version; confirm backup status before updating; link to update knowledgebase article. Never promise ungrounded facts or ETAs.,,,,,
132,"[USER] I’m using iphone 7 plus,ios 11.1, it crashes (the app closes) whenever i open certain notes, i have to refresh the app (pressing on home button and then swipe up) multiple times to fix it. And then it happens again.","[{""role"": ""user"", ""text"": ""[USER] my Notes app keeps crashing, so frustrating ! It has allll the important info i need\ud83d\ude21\ud83e\udd2c""}, {""role"": ""assistant"", ""text"": ""[USER] It's important that your Notes are working for you, and we'll do all we can to help. To get started, may we know what device and OS you're using Notes with? Also, can you describe for us how Notes crashes?""}]",6,positive,multi_turn,software_update_ios,True,High-risk intent: OS update defect/regression requires support ticket,Clarify current iOS version; confirm backup status before updating; link to update knowledgebase article. Never promise ungrounded facts or ETAs.,,,,,
133,[USER] Fugget about it. About to switch to Galaxy. Non oem screen ‘cause next apple store is 600 miles away. #ios11 0.1 AND 0.1 bricked ip7. Thx,"[{""role"": ""user"", ""text"": ""Dear [USER] #ios11 bricked my iphone7 - twice. Impossible to get back to 10... THANK YOU - NOT! #plannedobsolescence [USER]""}, {""role"": ""assistant"", ""text"": ""[USER] Hey there. We're here for you. Send us a DM telling us more about what's happening with your iPhone. https://t.co/GDrqU2kzhr""}]",6,positive,multi_turn,software_update_ios,True,High-risk intent: OS update defect/regression requires support ticket,Clarify current iOS version; confirm backup status before updating; link to update knowledgebase article. Never promise ungrounded facts or ETAs.,,,,,
134,[USER] y’all lil iOS 11.1 messed up folks phone. Ima need y’all to fix this “!” And box with the “?” in it issue.,[],6,negative,single_turn,software_update_ios,True,High-risk intent: OS update defect/regression requires support ticket,Express professional empathy/apology for frustration; Clarify current iOS version; confirm backup status before updating; link to update knowledgebase article. Never promise ungrounded facts or ETAs.,,,,,
135,So [USER]. Can i update my phone to ios 11 yet or nah? https://t.co/Q0UeR7unjb,[],6,negative,single_turn,software_update_ios,True,High-risk intent: OS update defect/regression requires support ticket,Express professional empathy/apology for frustration; Clarify current iOS version; confirm backup status before updating; link to update knowledgebase article. Never promise ungrounded facts or ETAs.,,,,,
136,"[USER] having problems with iOS 11 Cover Sheet on iPhone X... Randomly it’s completely blank, no notifications, lock, or login options. Reqs reboot. Want a video of it?",[],6,negative,single_turn,software_update_ios,True,High-risk intent: OS update defect/regression requires support ticket,Express professional empathy/apology for frustration; Clarify current iOS version; confirm backup status before updating; link to update knowledgebase article. Never promise ungrounded facts or ETAs.,,,,,
137,"Has anyone else on #iOS11 noticed that whatever WiFi network you select, it keeps defaulting to the first one you connected to during setup?[USER]",[],6,neutral,single_turn,connectivity_network_issue,False,Routine inquiry: standard troubleshooting or known self-service workaround available,Advise toggle Airplane Mode / restart; ask for carrier and device model; direct to DM. Never promise ungrounded facts or ETAs.,,,,,
138,Hey [USER] [USER] I have an update for the IOS but it’s not letting me update,[],6,neutral,single_turn,software_update_ios,True,High-risk intent: OS update defect/regression requires support ticket,Clarify current iOS version; confirm backup status before updating; link to update knowledgebase article. Never promise ungrounded facts or ETAs.,,,,,
139,[USER] I’ve updated iOS twice in the past week and I still have the text glitch occurring.,[],6,neutral,single_turn,keyboard_text_glitch,False,Routine inquiry: standard troubleshooting or known self-service workaround available,Direct customer to Text Replacement workaround in Settings or latest iOS patch; do not blame customer. Never promise ungrounded facts or ETAs.,,,,,
140,[USER] downloaded 11.1.2 yesterday. Major keyboard issues! Letters unresponsive with first and even second tap! Poor autocorrect and super sensitive press touch on keyboard as well.,[],6,positive,single_turn,keyboard_text_glitch,False,Routine inquiry: standard troubleshooting or known self-service workaround available,Direct customer to Text Replacement workaround in Settings or latest iOS patch; do not blame customer. Never promise ungrounded facts or ETAs.,,,,,
141,[USER] can i downgrade my iphone 5s to iOS 10.3.3 via Restore iTunes ? 11 makes slowly,[],6,positive,single_turn,media_audio_services,False,Routine inquiry: standard troubleshooting or known self-service workaround available,Guide through force-closing music app and checking audio settings; ask for headset/device model. Never promise ungrounded facts or ETAs.,,,,,
142,[USER] ever since I updated my phone to iOS 11.3 it's been crashing nonstop. Fix it please.,[],6,positive,single_turn,software_update_ios,True,High-risk intent: OS update defect/regression requires support ticket,Clarify current iOS version; confirm backup status before updating; link to update knowledgebase article. Never promise ungrounded facts or ETAs.,,,,,
143,i have to scroll down to see the notification that i just recieved because of some spam in inbox? WTF [USER],"[{""role"": ""user"", ""text"": ""wtf did they think making ios11 notification center? why the hell is it not in chronological order automatically??""}]",7,negative,multi_turn,account_icloud_store,True,High-risk intent: account security/data loss concern requires verified human intervention,Express professional empathy/apology for frustration; Never ask for passwords or full card numbers; direct to secure Apple ID portal or private DM. Never promise ungrounded facts or ETAs.,,,,,
144,"[USER] I don't use Cloud services to backup my photos to. I prefer local bulk backups, planning on getting a #Synology #NAS soon! I think the #PhotoApp has a bug in it or is it something to do with #HEIC? It's still doing it on #iOS 11.1.1. #BatteryDrain. :( #iOS11 #Apple [USER] https://t.co/IoE1UBAXJE","[{""role"": ""user"", ""text"": ""[USER] #Apple now hiding app battery usage or hasn\u2019t it had enough time to populate yet? (Been running for about 2 hours). #iOS11.1.1 #iOS 11.1 #iPhone #batteryUsage #BatteryDrain #DrainGate - at least battery feels more in line with iOS9 performance now... \ud83d\ude0a\ud83d\udc4c But it took awhile..\ud83d\ude44\ud83d\ude2c https://t.co/5Z2y9aYdjq""}, {""role"": ""user"", ""text"": ""[USER] Oh i have that differently. It wont show me how long i have used my iPhone https://t.co/TI61jnGKtp""}, {""role"": ""user"", ""text"": ""[USER] It started re-populating after I woke up... https://t.co/rC0bovMlRn""}, {""role"": ""user"", ""text"": ""[USER] Looks like your iPhone did upload photos to the Cloud""}]",7,negative,multi_turn,battery_power_drain,True,Thread length: 3+ prior unresolved conversation turns,Express professional empathy/apology for frustration; Suggest checking Settings > Battery usage breakdown; avoid promising free hardware replacement. Never promise ungrounded facts or ETAs.,,,,,
145,[USER] I have never used iCloud to back up my phone ever and have never had this problem before upgrading OS’s.,"[{""role"": ""user"", ""text"": ""[USER] I\u2019m missing several thousand photos after upgrading to iOS 11. Years worth of content. I sure hope you have a solution.""}, {""role"": ""assistant"", ""text"": ""[USER] Absolutely! Where do you make iPhone backups? Do you use iCloud Photo Library? DM us. https://t.co/GDrqU22YpT""}]",7,negative,multi_turn,account_icloud_store,True,High-risk intent: account security/data loss concern requires verified human intervention,Express professional empathy/apology for frustration; Never ask for passwords or full card numbers; direct to secure Apple ID portal or private DM. Never promise ungrounded facts or ETAs.,,,,,
146,[USER] Nope only on the phone. When the techs get to it can they get them back off before they take the battery out and wipe the memory?,"[{""role"": ""user"", ""text"": ""Right twitter pls help! How can I retrieve photos from my gf water damaged phone of our little girl? [USER] [USER] #iphone [USER]""}, {""role"": ""assistant"", ""text"": ""[USER] We can help. Did she happen to sync her photos with iCloud? This can help explain how to access them: https://t.co/8YUslsnsM5 https://t.co/GDrqU22YpT""}, {""role"": ""user"", ""text"": ""[USER] Some made it to the iPad but not all. Will tech work at Apple store mean the memory and all videos and photos are wiped? So sad [USER]""}, {""role"": ""assistant"", ""text"": ""[USER] If she logs into https://t.co/tmRhWEkIq4 from a web browser on a computer, are you able to see the photos there? Also, when was the last backup of the iPhone in either iTunes or iCloud?""}]",7,neutral,multi_turn,battery_power_drain,True,Thread length: 3+ prior unresolved conversation turns,Suggest checking Settings > Battery usage breakdown; avoid promising free hardware replacement. Never promise ungrounded facts or ETAs.,,,,,
147,"[USER] I need to delete pictures that only show up on Apple TV but were taken on my iPhone, but when I go into icloud it doesn't show them ?","[{""role"": ""user"", ""text"": ""help me with icloud ! \ud83d\ude29 [USER]""}, {""role"": ""assistant"", ""text"": ""[USER] We'd love to help. Which device are you using with iCloud? What do you need assistance with?""}]",7,neutral,multi_turn,account_icloud_store,True,High-risk intent: account security/data loss concern requires verified human intervention,Never ask for passwords or full card numbers; direct to secure Apple ID portal or private DM. Never promise ungrounded facts or ETAs.,,,,,
148,[USER] I am not getting any notifications for whatsapp. Notifications come when I manually open the app. I have called ur guys but nothing helped.,"[{""role"": ""user"", ""text"": ""[USER] [USER] Facing notification issue on iPhone 7 after downloading iOS 11. Service station in Gurgaon, India doesn\u2019t answer calls\ud83d\ude21""}, {""role"": ""assistant"", ""text"": ""[USER] We're here to help. Tell us more about the issue you're having with your iPhone 7.""}]",7,neutral,multi_turn,app_compatibility_settings,False,Routine inquiry: standard troubleshooting or known self-service workaround available,Advise checking App Store for app updates; recommend reinstalling app if issue persists. Never promise ungrounded facts or ETAs.,,,,,
149,[USER] I did manually. Transfer didn’t work. Just had wheel of death spinning for like 45min.  cloud transfer took like 10 min. Ty for response,"[{""role"": ""user"", ""text"": ""[USER] The new gestures are gonna take awhile""}, {""role"": ""user"", ""text"": ""[USER] Ummmm yes, I'm already going...wtf..haha!!!""}, {""role"": ""user"", ""text"": ""[USER] Gonna take awhile for new gestures. Tried downloading my personal setups phone to phone but epic fail [USER]   Had to go manual mode""}, {""role"": ""assistant"", ""text"": ""[USER] Congrats on your new iPhone. Were you able to get your data and settings transferred to the new iPhone? You can DM us. https://t.co/GDrqU22YpT""}]",7,positive,multi_turn,non_english_inquiry,True,Thread length: 3+ prior unresolved conversation turns,Acknowledge in language if possible; offer English or route to regional support channel. Never promise ungrounded facts or ETAs.,,,,,
150,[USER] If I log in. The app installs. But I still can't access my account details from the app store homepage (icon right top corner),"[{""role"": ""assistant"", ""text"": ""[USER] What type of message do you get when trying to download new apps?""}, {""role"": ""user"", ""text"": ""[USER] I get a log in. When I use existing with my new credentials, the window disappears but nothing happens. https://t.co/0qK76jIbcm""}, {""role"": ""user"", ""text"": ""[USER] So after the previous screenshot I take the first option and then this appears. Put in credentials and this screen closes. Nothing happens https://t.co/eJwJMDT3ej""}, {""role"": ""user"", ""text"": ""[USER] More info. Second time I click download another pop-up appears allowing me to choose 'install'. When I click it this appears. https://t.co/NnkCUvHTeB""}]",7,positive,multi_turn,account_icloud_store,True,Thread length: 3+ prior unresolved conversation turns,Never ask for passwords or full card numbers; direct to secure Apple ID portal or private DM. Never promise ungrounded facts or ETAs.,,,,,
151,[USER] Apple support is down online and on the app. Getting knowwhere with this. Will drop you a DM. https://t.co/SULpjGcNiQ,"[{""role"": ""user"", ""text"": ""Oh dear. [USER] what are you sticking the screen on with, pritt stick? https://t.co/R9IppjNGhE""}, {""role"": ""assistant"", ""text"": ""[USER] We'd love to help with your Apple Watch. Please DM us to continue from here. We'll gladly look into all options to get this sorted out as soon as possible. Also, please let us know which country you're tweeting from. https://t.co/GDrqU22YpT""}]",7,positive,multi_turn,app_compatibility_settings,False,Routine inquiry: standard troubleshooting or known self-service workaround available,Advise checking App Store for app updates; recommend reinstalling app if issue persists. Never promise ungrounded facts or ETAs.,,,,,
152,"[USER] Just got AppleTV, set it up, got a few free apps. But I am having a problem dealing with which remote to use.  I got a prompt on my iPad to use its keyboard, but it disappeared before I could swipe on it.  Navigating the App store with my TV-set remote is a pain.",[],7,negative,single_turn,account_icloud_store,True,High-risk intent: account security/data loss concern requires verified human intervention,Express professional empathy/apology for frustration; Never ask for passwords or full card numbers; direct to secure Apple ID portal or private DM. Never promise ungrounded facts or ETAs.,,,,,
153,"Hi,[USER] have a big disappointment about shipment of Watch3 Nike.Waited a lot and today store told me only after 27Oct. they’ll ship",[],7,negative,single_turn,app_compatibility_settings,False,Routine inquiry: standard troubleshooting or known self-service workaround available,Express professional empathy/apology for frustration; Advise checking App Store for app updates; recommend reinstalling app if issue persists. Never promise ungrounded facts or ETAs.,,,,,
154,[USER] aye fam.. can we get this Apple update on the messages and these ? that are everywhere. It’s mad annoying.,[],7,negative,single_turn,software_update_ios,True,High-risk intent: OS update defect/regression requires support ticket,Express professional empathy/apology for frustration; Clarify current iOS version; confirm backup status before updating; link to update knowledgebase article. Never promise ungrounded facts or ETAs.,,,,,
155,[USER] [USER] how can u xplain that? 🤧 My MacBookAir &amp; iPhone7+ https://t.co/IU6QSfJgPc,[],7,neutral,single_turn,macos_hardware_support,True,High-risk intent: Mac hardware/system failure requires hardware specialist,Request Mac model and macOS release; suggest NVRAM/SMC reset or Safe Mode boot; offer Genius Bar option. Never promise ungrounded facts or ETAs.,,,,,
156,So I swipe to use my #iPhone and where my service would say at&amp;t it said this [USER] #ios11 https://t.co/osDSc9xx4x,[],7,neutral,single_turn,software_update_ios,True,High-risk intent: OS update defect/regression requires support ticket,Clarify current iOS version; confirm backup status before updating; link to update knowledgebase article. Never promise ungrounded facts or ETAs.,,,,,
157,.[USER] 3hrs 28 mins since last full charge...surely this isn’t right? Is this the [USER] plot to get me to buy a new #iPhoneX 🤔 https://t.co/wqiucLT2ef,[],7,neutral,single_turn,battery_power_drain,True,High-risk intent: severe battery drain or power hardware risk requires diagnostic review,Suggest checking Settings > Battery usage breakdown; avoid promising free hardware replacement. Never promise ungrounded facts or ETAs.,,,,,
158,[USER] how do I make Siri stop giving me weather info on Hollywood FL instead of Hollywood CA?,[],7,positive,single_turn,account_icloud_store,True,High-risk intent: account security/data loss concern requires verified human intervention,Never ask for passwords or full card numbers; direct to secure Apple ID portal or private DM. Never promise ungrounded facts or ETAs.,,,,,
159,[USER] [USER] - Please bring back the Bluetooth toggle on the Apple Watch Control Center! Pleeeeeeeease! It comes in super handy.,[],7,positive,single_turn,connectivity_network_issue,False,Routine inquiry: standard troubleshooting or known self-service workaround available,Advise toggle Airplane Mode / restart; ask for carrier and device model; direct to DM. Never promise ungrounded facts or ETAs.,,,,,
160,"Bought a brand new 32gb iPhone and I click into storage to find 21gb available, I’m going to presume the other 11gb is stuck in the post and will be here shortly yes? [USER]",[],7,positive,single_turn,non_english_inquiry,True,Routing: non-English language query requires localized human support agent,Acknowledge in language if possible; offer English or route to regional support channel. Never promise ungrounded facts or ETAs.,,,,,
161,"[USER] The device is getting extremely heated up, and all the app are crashing, there are extreme lags. This is so not expected outta [USER]","[{""role"": ""user"", ""text"": ""Is it some kinda stunt [USER] , with such a buggsy OS11, cos its not funny. It took 3 launches to just tweet this, thanks to app crashes!!!""}, {""role"": ""assistant"", ""text"": ""[USER] We\u2019re available to help with your device. To begin, which iOS 11 version are you using? The latest is 11.0.3.""}]",8,negative,multi_turn,device_os_glitch,True,High-risk intent: device OS freezing/instability requires technical tier-2 escalation,Express professional empathy/apology for frustration; Acknowledge severe glitch; recommend force restart steps; ask for exact iOS version; direct to DM. Never promise ungrounded facts or ETAs.,,,,,
162,"[USER] The last week or two. I have closed iTunes, reset computer etc. No help.","[{""role"": ""user"", ""text"": ""[USER] I am having trouble my iTunes!""}, {""role"": ""assistant"", ""text"": ""[USER] We'd love to look into this with you. What exactly is going on? What type of device are you using?""}, {""role"": ""user"", ""text"": ""[USER] I am using my Mac and I cannot scroll in iTunes. Everything other function works but scrolling. Trackpad &amp; arrow buttons.""}, {""role"": ""assistant"", ""text"": ""[USER] When did this start? Have you tried to quit iTunes from the menu bar and reopen it?""}]",8,negative,multi_turn,media_audio_services,True,Thread length: 3+ prior unresolved conversation turns,Express professional empathy/apology for frustration; Guide through force-closing music app and checking audio settings; ask for headset/device model. Never promise ungrounded facts or ETAs.,,,,,
163,[USER] I have done .2 but when trying to download .3 it keeps freezing.,"[{""role"": ""user"", ""text"": ""[USER] hi - ever since i downloaded the last software update my phone has been freezing and playing up. Is this a known issue?thanks""}, {""role"": ""assistant"", ""text"": ""[USER] We want to make sure your iPhone is reliable. We released iOS 11.0.3 earlier today. Is that what you have installed?""}]",8,negative,multi_turn,app_compatibility_settings,False,Routine inquiry: standard troubleshooting or known self-service workaround available,Express professional empathy/apology for frustration; Advise checking App Store for app updates; recommend reinstalling app if issue persists. Never promise ungrounded facts or ETAs.,,,,,
164,"[USER] This is the first time I used the [USER]  Maps , since [USER] was there so never had the scarcity , but Now when I wanted it won’t show","[{""role"": ""user"", ""text"": ""[USER] I am not able to use the [USER] Maps , this is the issue I am facing as shown below ! What the hell[USER] happening with my phone https://t.co/wmWtKebplK""}, {""role"": ""assistant"", ""text"": ""[USER] We appreciate the screen recording. Does this happen for all locations or only certain ones?""}, {""role"": ""user"", ""text"": ""[USER] It is happening for all the locations !""}]",8,neutral,multi_turn,app_compatibility_settings,True,Thread length: 3+ prior unresolved conversation turns,Advise checking App Store for app updates; recommend reinstalling app if issue persists. Never promise ungrounded facts or ETAs.,,,,,
165,[USER] Yesterday or Sunday. I just do the classic lock button and home button reset,"[{""role"": ""user"", ""text"": ""[USER] you guys really did it with this update. You turned my old iPhone into a literal brick.""}, {""role"": ""assistant"", ""text"": ""[USER] Certainly not the behavior we want you to receive. Could you tell us which iPhone and iOS version you're using?""}, {""role"": ""user"", ""text"": ""[USER] iPhone 6s and iOS 11.0.3. Many different apps freeze and I\u2019ll be able to close out, but if I try to open again it freezes the phone.""}, {""role"": ""assistant"", ""text"": ""[USER] Thanks for those details. When did you install 11.0.3? What do you do to restore functionality when your iPhone freezes?""}]",8,neutral,multi_turn,device_os_glitch,True,Thread length: 3+ prior unresolved conversation turns,Acknowledge severe glitch; recommend force restart steps; ask for exact iOS version; direct to DM. Never promise ungrounded facts or ETAs.,,,,,
166,"[USER] Oh, did that feature not make it to the final release? It was previewed in June.","[{""role"": ""user"", ""text"": ""[USER] Yes, well, I can\u2019t seem to find a setting to turn on the iCloud message syncing across devices\u2026""}, {""role"": ""assistant"", ""text"": ""[USER] Thanks dor that information.  Take a look at this link and let us know if that helps: https://t.co/jmMBILbFAw https://t.co/GDrqU22YpT""}, {""role"": ""user"", ""text"": ""[USER] Hi, I\u2019m actually talking about the ability to say, delete a message on my mac and it deletes it everywhere through icloud.""}, {""role"": ""assistant"", ""text"": ""[USER] Syncing messages would not delete the message from all devices.""}]",8,neutral,multi_turn,app_compatibility_settings,True,Thread length: 3+ prior unresolved conversation turns,Advise checking App Store for app updates; recommend reinstalling app if issue persists. Never promise ungrounded facts or ETAs.,,,,,
167,"[USER] It worked again after restarting, thanks for the speedy tweet ⚡️","[{""role"": ""user"", ""text"": ""Anyone else with a Mac got the problem of the quick view (space bar on a file) stopped working since #HighSierra? [USER]""}, {""role"": ""assistant"", ""text"": ""[USER] Thanks for reaching out. We're happy to help. Has your Mac been restarted since the update? Also, does this only occur with certain files or any? Let us know and we'll continue.""}]",8,positive,multi_turn,device_os_glitch,True,High-risk intent: device OS freezing/instability requires technical tier-2 escalation,Acknowledge severe glitch; recommend force restart steps; ask for exact iOS version; direct to DM. Never promise ungrounded facts or ETAs.,,,,,
168,[USER] It magically resolved itself; the book is now available.,"[{""role"": ""user"", ""text"": ""[USER] I pre-purchased a book in iBooks that should be available now, but iBooks only shows it as bought - can\u2018t download. Now what?""}, {""role"": ""assistant"", ""text"": ""[USER] Thanks for reaching out to us. We are always happy to help. Send us a DM so we can look into this with you there. https://t.co/GDrqU22YpT""}]",8,positive,multi_turn,non_english_inquiry,True,Routing: non-English language query requires localized human support agent,Acknowledge in language if possible; offer English or route to regional support channel. Never promise ungrounded facts or ETAs.,,,,,
169,[USER] Updated to 11.2 and tried to reset Face ID as well after numerous reboots.,"[{""role"": ""user"", ""text"": ""Seriously [USER] !!! Face ID bug is a huge #FAIL for such an expensive phone. Grrrrr! #alreadyrebootedthephone3times""}, {""role"": ""assistant"", ""text"": ""[USER] Thanks for reaching out! We'd love to help you with Face ID. What exactly is going on? Are you getting an error message when you try to unlock your iPhone? Have you already updated to iOS 11.2?""}]",8,positive,multi_turn,account_icloud_store,True,High-risk intent: account security/data loss concern requires verified human intervention,Never ask for passwords or full card numbers; direct to secure Apple ID portal or private DM. Never promise ungrounded facts or ETAs.,,,,,
170,?????? why is everyone having this problem ???? [USER] https://t.co/zLHGrbrgjT,[],8,negative,single_turn,app_compatibility_settings,False,Routine inquiry: standard troubleshooting or known self-service workaround available,Express professional empathy/apology for frustration; Advise checking App Store for app updates; recommend reinstalling app if issue persists. Never promise ungrounded facts or ETAs.,,,,,
171,[USER] thank you for killing my battery life with that last update.,[],8,negative,single_turn,battery_power_drain,True,High-risk intent: severe battery drain or power hardware risk requires diagnostic review,Express professional empathy/apology for frustration; Suggest checking Settings > Battery usage breakdown; avoid promising free hardware replacement. Never promise ungrounded facts or ETAs.,,,,,
172,Alright [USER] get your shit together this update is glitchy as hell,[],8,negative,single_turn,software_update_ios,True,High-risk intent: OS update defect/regression requires support ticket,Express professional empathy/apology for frustration; Clarify current iOS version; confirm backup status before updating; link to update knowledgebase article. Never promise ungrounded facts or ETAs.,,,,,
173,BUG FIXES [USER] https://t.co/deilpYfDOc,[],8,neutral,single_turn,app_compatibility_settings,False,Routine inquiry: standard troubleshooting or known self-service workaround available,Advise checking App Store for app updates; recommend reinstalling app if issue persists. Never promise ungrounded facts or ETAs.,,,,,
174,[USER] why can’t anyone FaceTime me?,[],8,neutral,single_turn,app_compatibility_settings,False,Routine inquiry: standard troubleshooting or known self-service workaround available,Advise checking App Store for app updates; recommend reinstalling app if issue persists. Never promise ungrounded facts or ETAs.,,,,,
175,[USER] got the new 8 and 3 weeks later still sometimes not receiving messages. Is there an issue with OS11???,[],8,neutral,single_turn,app_compatibility_settings,False,Routine inquiry: standard troubleshooting or known self-service workaround available,Advise checking App Store for app updates; recommend reinstalling app if issue persists. Never promise ungrounded facts or ETAs.,,,,,
176,"[USER]  updated new software now I never get signal! 

Any ideas? 
Thanks",[],8,positive,single_turn,software_update_ios,True,High-risk intent: OS update defect/regression requires support ticket,Clarify current iOS version; confirm backup status before updating; link to update knowledgebase article. Never promise ungrounded facts or ETAs.,,,,,
177,[USER] my app store’s not working :(,[],8,positive,single_turn,account_icloud_store,True,High-risk intent: account security/data loss concern requires verified human intervention,Never ask for passwords or full card numbers; direct to secure Apple ID portal or private DM. Never promise ungrounded facts or ETAs.,,,,,
178,[USER] im not able to update my pre installed apps as im getting some verification error!!! Kindly check this on,[],8,positive,single_turn,software_update_ios,True,High-risk intent: OS update defect/regression requires support ticket,Clarify current iOS version; confirm backup status before updating; link to update knowledgebase article. Never promise ungrounded facts or ETAs.,,,,,
179,[USER] I followed a video and it suggested signing out of my iCloud account and it immediately fixed the freezing finder issue.,"[{""role"": ""user"", ""text"": ""[USER] Finder freezes every time I try to delete a file on High Sierra. I tried to open Quicktime to take a screen video of it and that freezes on open. So far, that makes 4 apps that don't work on High Sierra update...Finder being the most problematic obviously.""}, {""role"": ""assistant"", ""text"": ""[USER] Let's see what w can find out about your computer! Which version of macOS High Sierra are you running currently? This can be found by clicking the Apple logo in the top left corner and then \u201cAbout This Mac\u201d in the drop down menu.""}, {""role"": ""user"", ""text"": ""[USER] Version 10.13.1""}, {""role"": ""assistant"", ""text"": ""[USER] Thanks for letting us know. Have you tried to restart the Mac? Do you have the same issues if you start your Mac in safe mode? This article will explain how to start in safe mode: https://t.co/PQ4LSYhUTY""}]",9,negative,multi_turn,account_icloud_store,True,Thread length: 3+ prior unresolved conversation turns,Express professional empathy/apology for frustration; Never ask for passwords or full card numbers; direct to secure Apple ID portal or private DM. Never promise ungrounded facts or ETAs.,,,,,
180,"[USER] Every few days this happens and can only be fixed by restarting the Apple TV. See link for greater detail. very dissapointed so many of your products and operating systems in general exhibit so many bugs and shows your QA is inadequate. See link, https://t.co/r2FLSxA0Pm","[{""role"": ""user"", ""text"": ""[USER] yet another bug with an Apple product. This one is the Apple TV (4th gen) and tv is 11. The device drops off the remote app""}]",9,negative,multi_turn,device_os_glitch,True,High-risk intent: device OS freezing/instability requires technical tier-2 escalation,Express professional empathy/apology for frustration; Acknowledge severe glitch; recommend force restart steps; ask for exact iOS version; direct to DM. Never promise ungrounded facts or ETAs.,,,,,
181,"[USER] I have googled how to restore books on ibooks but it didnt help much, i feel devastated, because i kept some highlights and notes in it.","[{""role"": ""user"", ""text"": ""[USER] my books which i have stored in ibooks just fine have just gone all of a sudden. Its disappear and i dont know how to restore it back and dying to get it back. I lost 170+ novels that i have been collecting since a few year ago, can u please help me""}]",9,negative,multi_turn,macos_hardware_support,True,High-risk intent: Mac hardware/system failure requires hardware specialist,Express professional empathy/apology for frustration; Request Mac model and macOS release; suggest NVRAM/SMC reset or Safe Mode boot; offer Genius Bar option. Never promise ungrounded facts or ETAs.,,,,,
182,[USER] THE MACBOOK??!!?,"[{""role"": ""user"", ""text"": ""I DELETED EVERYTHING HOW IN THE SHITTTT IS MY DISK STILL FULL [USER]""}, {""role"": ""assistant"", ""text"": ""[USER] We'd like to help! Which device do you see a \""disc full\"" error? We may have some tips to help continue to open up more storage space.""}]",9,neutral,multi_turn,macos_hardware_support,True,High-risk intent: Mac hardware/system failure requires hardware specialist,Request Mac model and macOS release; suggest NVRAM/SMC reset or Safe Mode boot; offer Genius Bar option. Never promise ungrounded facts or ETAs.,,,,,
183,[USER] Since 10.11 it’s 2-4 times a month to fix stuff. I switched to a new MBP with 10.12. A couple of years back it was only for updates.,"[{""role"": ""user"", ""text"": ""[USER] Hello. No, not restarted, Sierra 10.12.4. No time for restarting right now, although that _does_ fix stuff when macOS gets unstable.""}, {""role"": ""assistant"", ""text"": ""[USER] After you restart, let us know the results.""}, {""role"": ""user"", ""text"": ""[USER] Works after restarting. Ideally I wouldn\u2019t have to restart every time Safari/Preview/etc acted up\u2026 :-/""}, {""role"": ""assistant"", ""text"": ""[USER] Thank you for letting us know. How often do you power off your Mac?""}]",9,neutral,multi_turn,software_update_ios,True,Thread length: 3+ prior unresolved conversation turns,Clarify current iOS version; confirm backup status before updating; link to update knowledgebase article. Never promise ungrounded facts or ETAs.,,,,,
184,[USER] Now I am getting this screen.  Says the MAC SSD 525 - disk is locked.  Won’t let me install https://t.co/dFd5fmfmAT,"[{""role"": ""user"", ""text"": ""[USER] how do I fix this problem with High Sierra installation https://t.co/JU8uIZioZO""}, {""role"": ""assistant"", ""text"": ""[USER] We want to help. Are you trying to update through downloading from the App Store or inside Recovery Mode?""}]",9,neutral,multi_turn,macos_hardware_support,True,High-risk intent: Mac hardware/system failure requires hardware specialist,Request Mac model and macOS release; suggest NVRAM/SMC reset or Safe Mode boot; offer Genius Bar option. Never promise ungrounded facts or ETAs.,,,,,
185,[USER] Yes that it isn’t compatible with os9. But before I erased it there was a copy in there that worked - not latest but it worked.,"[{""role"": ""user"", ""text"": ""[USER] why can\u2019t I download the last compatible version of an app on an iPad 3?""}, {""role"": ""assistant"", ""text"": ""[USER] Hi. We'll do our best to help. Are you getting an error when you try to download the app?""}]",9,positive,multi_turn,macos_hardware_support,True,High-risk intent: Mac hardware/system failure requires hardware specialist,Request Mac model and macOS release; suggest NVRAM/SMC reset or Safe Mode boot; offer Genius Bar option. Never promise ungrounded facts or ETAs.,,,,,
186,[USER] Display fine on phone and there are around 100 photos not recognised that need importing to MacBook https://t.co/1T7F414bF8,"[{""role"": ""user"", ""text"": ""[USER] when connecting iPhone to Mac it is not recognising new photos for import and sees some old ones as corrupted even though they""}]",9,positive,multi_turn,macos_hardware_support,True,High-risk intent: Mac hardware/system failure requires hardware specialist,Request Mac model and macOS release; suggest NVRAM/SMC reset or Safe Mode boot; offer Genius Bar option. Never promise ungrounded facts or ETAs.,,,,,
187,"[USER] How can I delete this space Occupied by ""System""? They are more than 10GB .... Thanks! https://t.co/VnKsw9QYqe","[{""role"": ""user"", ""text"": ""[USER] [USER] [USER] [USER] [USER] Como puedo eliminar este espacio Ocupado por \u201cSistema\u201d? Son mas de 10GB.... Gracias!""}, {""role"": ""assistant"", ""text"": ""[USER] We offer support via Twitter in English. Get help in Spanish here: https://t.co/IBIY3vMgPj or join https://t.co/OczyRx7IOs""}]",9,positive,multi_turn,conversation_followup_status,False,Routine inquiry: standard troubleshooting or known self-service workaround available,Acknowledge status warmly; confirm if further assistance is needed; sign off courteously. Never promise ungrounded facts or ETAs.,,,,,
188,"Paid over $1,400 for a MacBook Pro and it doesn't even have a SINGLE USB port. 🤦🏻‍♀️ wtf [USER] https://t.co/RwxlCYMIRu",[],9,negative,single_turn,macos_hardware_support,True,High-risk intent: Mac hardware/system failure requires hardware specialist,Express professional empathy/apology for frustration; Request Mac model and macOS release; suggest NVRAM/SMC reset or Safe Mode boot; offer Genius Bar option. Never promise ungrounded facts or ETAs.,,,,,
189,Confirmed that FileVault is causing my MacBook Pro running High Sierra to crash when the lid is closed.  [USER],[],9,negative,single_turn,macos_hardware_support,True,High-risk intent: Mac hardware/system failure requires hardware specialist,Express professional empathy/apology for frustration; Request Mac model and macOS release; suggest NVRAM/SMC reset or Safe Mode boot; offer Genius Bar option. Never promise ungrounded facts or ETAs.,,,,,
190,"1 of these keyboards still fully functions: the ancient one. Not cool, [USER]. [USER] Requesting replacement for newest broken 1. https://t.co/iO4iEq2evJ",[],9,negative,single_turn,macos_hardware_support,True,High-risk intent: Mac hardware/system failure requires hardware specialist,Express professional empathy/apology for frustration; Request Mac model and macOS release; suggest NVRAM/SMC reset or Safe Mode boot; offer Genius Bar option. Never promise ungrounded facts or ETAs.,,,,,
191,"[USER] Hi , Photos on Laptop keeps shutting itself down every time I try and upload photos on my laptop?? Why ?",[],9,neutral,single_turn,macos_hardware_support,True,High-risk intent: Mac hardware/system failure requires hardware specialist,Request Mac model and macOS release; suggest NVRAM/SMC reset or Safe Mode boot; offer Genius Bar option. Never promise ungrounded facts or ETAs.,,,,,
192,Any techie ICT people? My #MacBookPro won’t turn on. How can I back it up before sending it off for repair? [USER] #AppleSupport,[],9,neutral,single_turn,macos_hardware_support,True,High-risk intent: Mac hardware/system failure requires hardware specialist,Request Mac model and macOS release; suggest NVRAM/SMC reset or Safe Mode boot; offer Genius Bar option. Never promise ungrounded facts or ETAs.,,,,,
193,[USER] imessage on my macbook pro is not delivering/receiving messages,[],9,neutral,single_turn,macos_hardware_support,True,High-risk intent: Mac hardware/system failure requires hardware specialist,Request Mac model and macOS release; suggest NVRAM/SMC reset or Safe Mode boot; offer Genius Bar option. Never promise ungrounded facts or ETAs.,,,,,
194,[USER] After upgrading to High Sierra the APFS format has issues. You can’t save files directly or live when opening with an editor.,[],9,positive,single_turn,macos_hardware_support,True,High-risk intent: Mac hardware/system failure requires hardware specialist,Request Mac model and macOS release; suggest NVRAM/SMC reset or Safe Mode boot; offer Genius Bar option. Never promise ungrounded facts or ETAs.,,,,,
195,[USER] please help i have a problem w my mac air cooler in shanghai china.. i dont want it repaired over 3 days as im a student and need it,[],9,positive,single_turn,macos_hardware_support,True,High-risk intent: Mac hardware/system failure requires hardware specialist,Request Mac model and macOS release; suggest NVRAM/SMC reset or Safe Mode boot; offer Genius Bar option. Never promise ungrounded facts or ETAs.,,,,,
196,[USER] hello I️ fell asleep talking to one of your advisors “Michael” last night while my MacBook was still updating. Let him know that I’m sorry and my computer works now and thank you!!!,[],9,positive,single_turn,keyboard_text_glitch,False,Routine inquiry: standard troubleshooting or known self-service workaround available,Direct customer to Text Replacement workaround in Settings or latest iOS patch; do not blame customer. Never promise ungrounded facts or ETAs.,,,,,
